1,天海春香,如月千早,星井美希,目指せ！トップアイドル,,
2,天海春香,如月千早,水瀬伊織,目指せ！トップアイドル,,
3,天海春香,如月千早,萩原雪歩,目指せ！トップアイドル,ハイスクールガールズ,Autumn Constellations
4,天海春香,如月千早,菊地真,目指せ！トップアイドル,ハイスクールガールズ,
5,天海春香,星井美希,水瀬伊織,目指せ！トップアイドル,,
6,天海春香,星井美希,萩原雪歩,目指せ！トップアイドル,,
7,天海春香,星井美希,菊地真,目指せ！トップアイドル,,
8,天海春香,水瀬伊織,萩原雪歩,目指せ！トップアイドル,,
9,天海春香,水瀬伊織,菊地真,目指せ！トップアイドル,,
10,天海春香,萩原雪歩,菊地真,目指せ！トップアイドル,ハイスクールガールズ,
11,如月千早,星井美希,水瀬伊織,目指せ！トップアイドル,,
12,如月千早,星井美希,萩原雪歩,目指せ！トップアイドル,,
13,如月千早,星井美希,菊地真,目指せ！トップアイドル,,
14,如月千早,水瀬伊織,萩原雪歩,目指せ！トップアイドル,,
15,如月千早,水瀬伊織,菊地真,目指せ！トップアイドル,,
16,如月千早,萩原雪歩,菊地真,目指せ！トップアイドル,ハイスクールガールズ,
17,星井美希,水瀬伊織,萩原雪歩,目指せ！トップアイドル,,
18,星井美希,水瀬伊織,菊地真,目指せ！トップアイドル,,
19,星井美希,萩原雪歩,菊地真,目指せ！トップアイドル,,
20,水瀬伊織,萩原雪歩,菊地真,目指せ！トップアイドル,,
21,天海春香,如月千早,島村卯月,ハイスクールガールズ,,
22,天海春香,如月千早,渋谷凛,ハイスクールガールズ,,
23,天海春香,如月千早,本田未央,ハイスクールガールズ,,
24,天海春香,如月千早,神崎蘭子,Autumn Constellations,,
25,天海春香,如月千早,春日未来,境界を超える絆,,
26,天海春香,如月千早,最上静香,境界を超える絆,,
27,天海春香,如月千早,伊吹翼,境界を超える絆,,
28,天海春香,如月千早,真壁瑞希,ハイスクールガールズ,Autumn Constellations,
29,天海春香,如月千早,周防桃子,境界を超える絆,,
30,天海春香,如月千早,天道輝,Autumn Constellations,,
31,天海春香,如月千早,桜庭薫,境界を超える絆,,
32,天海春香,如月千早,柏木翼,境界を超える絆,,
33,天海春香,如月千早,硲道夫,Autumn Constellations,,
34,天海春香,如月千早,櫻木真乃,ハイスクールガールズ,,
35,天海春香,如月千早,風野灯織,ハイスクールガールズ,Autumn Constellations,
36,天海春香,如月千早,八宮めぐる,ハイスクールガールズ,,
37,天海春香,如月千早,小宮果穂,境界を超える絆,,
38,天海春香,如月千早,花海咲季,ハイスクールガールズ,Autumn Constellations,
39,天海春香,如月千早,月村手毬,ハイスクールガールズ,,
40,天海春香,如月千早,藤田ことね,ハイスクールガールズ,,
41,天海春香,如月千早,紫雲清夏,ハイスクールガールズ,,
42,天海春香,星井美希,島村卯月,境界を超える絆,,
43,天海春香,星井美希,渋谷凛,境界を超える絆,,
44,天海春香,星井美希,本田未央,境界を超える絆,,
45,天海春香,星井美希,神崎蘭子,境界を超える絆,,
46,天海春香,星井美希,春日未来,境界を超える絆,,
47,天海春香,星井美希,最上静香,境界を超える絆,,
48,天海春香,星井美希,伊吹翼,境界を超える絆,,
49,天海春香,星井美希,真壁瑞希,境界を超える絆,,
50,天海春香,星井美希,周防桃子,境界を超える絆,,
51,天海春香,星井美希,天道輝,境界を超える絆,,
52,天海春香,星井美希,桜庭薫,境界を超える絆,,
53,天海春香,星井美希,柏木翼,境界を超える絆,,
54,天海春香,星井美希,硲道夫,境界を超える絆,,
55,天海春香,星井美希,櫻木真乃,境界を超える絆,,
56,天海春香,星井美希,風野灯織,境界を超える絆,,
57,天海春香,星井美希,八宮めぐる,境界を超える絆,,
58,天海春香,星井美希,小宮果穂,境界を超える絆,,
59,天海春香,星井美希,花海咲季,境界を超える絆,,
60,天海春香,星井美希,月村手毬,境界を超える絆,,
61,天海春香,星井美希,藤田ことね,境界を超える絆,,
62,天海春香,星井美希,紫雲清夏,境界を超える絆,,
63,天海春香,水瀬伊織,島村卯月,境界を超える絆,,
64,天海春香,水瀬伊織,渋谷凛,境界を超える絆,,
65,天海春香,水瀬伊織,本田未央,境界を超える絆,,
66,天海春香,水瀬伊織,神崎蘭子,境界を超える絆,,
67,天海春香,水瀬伊織,春日未来,境界を超える絆,,
68,天海春香,水瀬伊織,最上静香,境界を超える絆,,
69,天海春香,水瀬伊織,伊吹翼,境界を超える絆,,
70,天海春香,水瀬伊織,真壁瑞希,境界を超える絆,,
71,天海春香,水瀬伊織,周防桃子,境界を超える絆,,
72,天海春香,水瀬伊織,天道輝,美味しいものは正義！,,
73,天海春香,水瀬伊織,桜庭薫,境界を超える絆,,
74,天海春香,水瀬伊織,柏木翼,美味しいものは正義！,,
75,天海春香,水瀬伊織,硲道夫,境界を超える絆,,
76,天海春香,水瀬伊織,櫻木真乃,境界を超える絆,,
77,天海春香,水瀬伊織,風野灯織,境界を超える絆,,
78,天海春香,水瀬伊織,八宮めぐる,境界を超える絆,,
79,天海春香,水瀬伊織,小宮果穂,境界を超える絆,,
80,天海春香,水瀬伊織,花海咲季,境界を超える絆,,
81,天海春香,水瀬伊織,月村手毬,美味しいものは正義！,,
82,天海春香,水瀬伊織,藤田ことね,境界を超える絆,,
83,天海春香,水瀬伊織,紫雲清夏,境界を超える絆,,
84,天海春香,萩原雪歩,島村卯月,ハイスクールガールズ,,
85,天海春香,萩原雪歩,渋谷凛,ハイスクールガールズ,,
86,天海春香,萩原雪歩,本田未央,ハイスクールガールズ,,
87,天海春香,萩原雪歩,神崎蘭子,Autumn Constellations,,
88,天海春香,萩原雪歩,春日未来,境界を超える絆,,
89,天海春香,萩原雪歩,最上静香,境界を超える絆,,
90,天海春香,萩原雪歩,伊吹翼,境界を超える絆,,
91,天海春香,萩原雪歩,真壁瑞希,ハイスクールガールズ,Autumn Constellations,
92,天海春香,萩原雪歩,周防桃子,境界を超える絆,,
93,天海春香,萩原雪歩,天道輝,Autumn Constellations,,
94,天海春香,萩原雪歩,桜庭薫,境界を超える絆,,
95,天海春香,萩原雪歩,柏木翼,境界を超える絆,,
96,天海春香,萩原雪歩,硲道夫,Autumn Constellations,,
97,天海春香,萩原雪歩,櫻木真乃,ハイスクールガールズ,,
98,天海春香,萩原雪歩,風野灯織,ハイスクールガールズ,Autumn Constellations,
99,天海春香,萩原雪歩,八宮めぐる,ハイスクールガールズ,,
100,天海春香,萩原雪歩,小宮果穂,境界を超える絆,,
101,天海春香,萩原雪歩,花海咲季,ハイスクールガールズ,Autumn Constellations,
102,天海春香,萩原雪歩,月村手毬,ハイスクールガールズ,,
103,天海春香,萩原雪歩,藤田ことね,ハイスクールガールズ,,
104,天海春香,萩原雪歩,紫雲清夏,ハイスクールガールズ,,
105,天海春香,菊地真,島村卯月,ハイスクールガールズ,BLOOD TYPE O,
106,天海春香,菊地真,渋谷凛,ハイスクールガールズ,,
107,天海春香,菊地真,本田未央,ハイスクールガールズ,,
108,天海春香,菊地真,神崎蘭子,境界を超える絆,,
109,天海春香,菊地真,春日未来,BLOOD TYPE O,,
110,天海春香,菊地真,最上静香,境界を超える絆,,
111,天海春香,菊地真,伊吹翼,境界を超える絆,,
112,天海春香,菊地真,真壁瑞希,ハイスクールガールズ,,
113,天海春香,菊地真,周防桃子,境界を超える絆,,
114,天海春香,菊地真,天道輝,境界を超える絆,,
115,天海春香,菊地真,桜庭薫,境界を超える絆,,
116,天海春香,菊地真,柏木翼,BLOOD TYPE O,,
117,天海春香,菊地真,硲道夫,境界を超える絆,,
118,天海春香,菊地真,櫻木真乃,ハイスクールガールズ,,
119,天海春香,菊地真,風野灯織,ハイスクールガールズ,,
120,天海春香,菊地真,八宮めぐる,ハイスクールガールズ,BLOOD TYPE O,
121,天海春香,菊地真,小宮果穂,境界を超える絆,,
122,天海春香,菊地真,花海咲季,ハイスクールガールズ,,
123,天海春香,菊地真,月村手毬,ハイスクールガールズ,,
124,天海春香,菊地真,藤田ことね,ハイスクールガールズ,BLOOD TYPE O,
125,天海春香,菊地真,紫雲清夏,ハイスクールガールズ,BLOOD TYPE O,
126,如月千早,星井美希,島村卯月,Celestial Names,,
127,如月千早,星井美希,渋谷凛,境界を超える絆,,
128,如月千早,星井美希,本田未央,境界を超える絆,,
129,如月千早,星井美希,神崎蘭子,境界を超える絆,,
130,如月千早,星井美希,春日未来,Celestial Names,,
131,如月千早,星井美希,最上静香,境界を超える絆,,
132,如月千早,星井美希,伊吹翼,境界を超える絆,,
133,如月千早,星井美希,真壁瑞希,境界を超える絆,,
134,如月千早,星井美希,周防桃子,境界を超える絆,,
135,如月千早,星井美希,天道輝,境界を超える絆,,
136,如月千早,星井美希,桜庭薫,境界を超える絆,,
137,如月千早,星井美希,柏木翼,境界を超える絆,,
138,如月千早,星井美希,硲道夫,境界を超える絆,,
139,如月千早,星井美希,櫻木真乃,境界を超える絆,,
140,如月千早,星井美希,風野灯織,境界を超える絆,,
141,如月千早,星井美希,八宮めぐる,境界を超える絆,,
142,如月千早,星井美希,小宮果穂,境界を超える絆,,
143,如月千早,星井美希,花海咲季,境界を超える絆,,
144,如月千早,星井美希,月村手毬,Celestial Names,,
145,如月千早,星井美希,藤田ことね,境界を超える絆,,
146,如月千早,星井美希,紫雲清夏,境界を超える絆,,
147,如月千早,水瀬伊織,島村卯月,境界を超える絆,,
148,如月千早,水瀬伊織,渋谷凛,境界を超える絆,,
149,如月千早,水瀬伊織,本田未央,境界を超える絆,,
150,如月千早,水瀬伊織,神崎蘭子,境界を超える絆,,
151,如月千早,水瀬伊織,春日未来,境界を超える絆,,
152,如月千早,水瀬伊織,最上静香,境界を超える絆,,
153,如月千早,水瀬伊織,伊吹翼,境界を超える絆,,
154,如月千早,水瀬伊織,真壁瑞希,境界を超える絆,,
155,如月千早,水瀬伊織,周防桃子,境界を超える絆,,
156,如月千早,水瀬伊織,天道輝,境界を超える絆,,
157,如月千早,水瀬伊織,桜庭薫,境界を超える絆,,
158,如月千早,水瀬伊織,柏木翼,境界を超える絆,,
159,如月千早,水瀬伊織,硲道夫,境界を超える絆,,
160,如月千早,水瀬伊織,櫻木真乃,境界を超える絆,,
161,如月千早,水瀬伊織,風野灯織,境界を超える絆,,
162,如月千早,水瀬伊織,八宮めぐる,境界を超える絆,,
163,如月千早,水瀬伊織,小宮果穂,境界を超える絆,,
164,如月千早,水瀬伊織,花海咲季,境界を超える絆,,
165,如月千早,水瀬伊織,月村手毬,境界を超える絆,,
166,如月千早,水瀬伊織,藤田ことね,境界を超える絆,,
167,如月千早,水瀬伊織,紫雲清夏,境界を超える絆,,
168,如月千早,萩原雪歩,島村卯月,ハイスクールガールズ,,
169,如月千早,萩原雪歩,渋谷凛,ハイスクールガールズ,,
170,如月千早,萩原雪歩,本田未央,ハイスクールガールズ,,
171,如月千早,萩原雪歩,神崎蘭子,BLOOD TYPE A,Autumn Constellations,
172,如月千早,萩原雪歩,春日未来,境界を超える絆,,
173,如月千早,萩原雪歩,最上静香,BLOOD TYPE A,,
174,如月千早,萩原雪歩,伊吹翼,境界を超える絆,,
175,如月千早,萩原雪歩,真壁瑞希,ハイスクールガールズ,Autumn Constellations,
176,如月千早,萩原雪歩,周防桃子,境界を超える絆,,
177,如月千早,萩原雪歩,天道輝,Autumn Constellations,,
178,如月千早,萩原雪歩,桜庭薫,BLOOD TYPE A,,
179,如月千早,萩原雪歩,柏木翼,境界を超える絆,,
180,如月千早,萩原雪歩,硲道夫,Autumn Constellations,,
181,如月千早,萩原雪歩,櫻木真乃,ハイスクールガールズ,BLOOD TYPE A,
182,如月千早,萩原雪歩,風野灯織,ハイスクールガールズ,BLOOD TYPE A,Autumn Constellations
183,如月千早,萩原雪歩,八宮めぐる,ハイスクールガールズ,,
184,如月千早,萩原雪歩,小宮果穂,BLOOD TYPE A,,
185,如月千早,萩原雪歩,花海咲季,ハイスクールガールズ,BLOOD TYPE A,Autumn Constellations
186,如月千早,萩原雪歩,月村手毬,ハイスクールガールズ,,
187,如月千早,萩原雪歩,藤田ことね,ハイスクールガールズ,,
188,如月千早,萩原雪歩,紫雲清夏,ハイスクールガールズ,,
189,如月千早,菊地真,島村卯月,ハイスクールガールズ,,
190,如月千早,菊地真,渋谷凛,ハイスクールガールズ,,
191,如月千早,菊地真,本田未央,ハイスクールガールズ,,
192,如月千早,菊地真,神崎蘭子,境界を超える絆,,
193,如月千早,菊地真,春日未来,境界を超える絆,,
194,如月千早,菊地真,最上静香,境界を超える絆,,
195,如月千早,菊地真,伊吹翼,境界を超える絆,,
196,如月千早,菊地真,真壁瑞希,ハイスクールガールズ,,
197,如月千早,菊地真,周防桃子,境界を超える絆,,
198,如月千早,菊地真,天道輝,境界を超える絆,,
199,如月千早,菊地真,桜庭薫,境界を超える絆,,
200,如月千早,菊地真,柏木翼,境界を超える絆,,
201,如月千早,菊地真,硲道夫,境界を超える絆,,
202,如月千早,菊地真,櫻木真乃,ハイスクールガールズ,,
203,如月千早,菊地真,風野灯織,ハイスクールガールズ,,
204,如月千早,菊地真,八宮めぐる,ハイスクールガールズ,,
205,如月千早,菊地真,小宮果穂,境界を超える絆,,
206,如月千早,菊地真,花海咲季,ハイスクールガールズ,,
207,如月千早,菊地真,月村手毬,ハイスクールガールズ,,
208,如月千早,菊地真,藤田ことね,ハイスクールガールズ,,
209,如月千早,菊地真,紫雲清夏,ハイスクールガールズ,,
210,星井美希,水瀬伊織,島村卯月,境界を超える絆,,
211,星井美希,水瀬伊織,渋谷凛,境界を超える絆,,
212,星井美希,水瀬伊織,本田未央,境界を超える絆,,
213,星井美希,水瀬伊織,神崎蘭子,ジュニアハイスクールガールズ,,
214,星井美希,水瀬伊織,春日未来,ジュニアハイスクールガールズ,,
215,星井美希,水瀬伊織,最上静香,ジュニアハイスクールガールズ,,
216,星井美希,水瀬伊織,伊吹翼,ジュニアハイスクールガールズ,,
217,星井美希,水瀬伊織,真壁瑞希,境界を超える絆,,
218,星井美希,水瀬伊織,周防桃子,境界を超える絆,,
219,星井美希,水瀬伊織,天道輝,境界を超える絆,,
220,星井美希,水瀬伊織,桜庭薫,境界を超える絆,,
221,星井美希,水瀬伊織,柏木翼,境界を超える絆,,
222,星井美希,水瀬伊織,硲道夫,境界を超える絆,,
223,星井美希,水瀬伊織,櫻木真乃,境界を超える絆,,
224,星井美希,水瀬伊織,風野灯織,境界を超える絆,,
225,星井美希,水瀬伊織,八宮めぐる,境界を超える絆,,
226,星井美希,水瀬伊織,小宮果穂,境界を超える絆,,
227,星井美希,水瀬伊織,花海咲季,境界を超える絆,,
228,星井美希,水瀬伊織,月村手毬,境界を超える絆,,
229,星井美希,水瀬伊織,藤田ことね,境界を超える絆,,
230,星井美希,水瀬伊織,紫雲清夏,境界を超える絆,,
231,星井美希,萩原雪歩,島村卯月,境界を超える絆,,
232,星井美希,萩原雪歩,渋谷凛,境界を超える絆,,
233,星井美希,萩原雪歩,本田未央,境界を超える絆,,
234,星井美希,萩原雪歩,神崎蘭子,境界を超える絆,,
235,星井美希,萩原雪歩,春日未来,境界を超える絆,,
236,星井美希,萩原雪歩,最上静香,境界を超える絆,,
237,星井美希,萩原雪歩,伊吹翼,境界を超える絆,,
238,星井美希,萩原雪歩,真壁瑞希,境界を超える絆,,
239,星井美希,萩原雪歩,周防桃子,境界を超える絆,,
240,星井美希,萩原雪歩,天道輝,境界を超える絆,,
241,星井美希,萩原雪歩,桜庭薫,境界を超える絆,,
242,星井美希,萩原雪歩,柏木翼,境界を超える絆,,
243,星井美希,萩原雪歩,硲道夫,境界を超える絆,,
244,星井美希,萩原雪歩,櫻木真乃,境界を超える絆,,
245,星井美希,萩原雪歩,風野灯織,境界を超える絆,,
246,星井美希,萩原雪歩,八宮めぐる,境界を超える絆,,
247,星井美希,萩原雪歩,小宮果穂,境界を超える絆,,
248,星井美希,萩原雪歩,花海咲季,境界を超える絆,,
249,星井美希,萩原雪歩,月村手毬,境界を超える絆,,
250,星井美希,萩原雪歩,藤田ことね,境界を超える絆,,
251,星井美希,萩原雪歩,紫雲清夏,境界を超える絆,,
252,星井美希,菊地真,島村卯月,境界を超える絆,,
253,星井美希,菊地真,渋谷凛,境界を超える絆,,
254,星井美希,菊地真,本田未央,境界を超える絆,,
255,星井美希,菊地真,神崎蘭子,境界を超える絆,,
256,星井美希,菊地真,春日未来,境界を超える絆,,
257,星井美希,菊地真,最上静香,境界を超える絆,,
258,星井美希,菊地真,伊吹翼,境界を超える絆,,
259,星井美希,菊地真,真壁瑞希,境界を超える絆,,
260,星井美希,菊地真,周防桃子,境界を超える絆,,
261,星井美希,菊地真,天道輝,境界を超える絆,,
262,星井美希,菊地真,桜庭薫,境界を超える絆,,
263,星井美希,菊地真,柏木翼,境界を超える絆,,
264,星井美希,菊地真,硲道夫,境界を超える絆,,
265,星井美希,菊地真,櫻木真乃,境界を超える絆,,
266,星井美希,菊地真,風野灯織,境界を超える絆,,
267,星井美希,菊地真,八宮めぐる,境界を超える絆,,
268,星井美希,菊地真,小宮果穂,境界を超える絆,,
269,星井美希,菊地真,花海咲季,境界を超える絆,,
270,星井美希,菊地真,月村手毬,境界を超える絆,,
271,星井美希,菊地真,藤田ことね,境界を超える絆,,
272,星井美希,菊地真,紫雲清夏,境界を超える絆,,
273,水瀬伊織,萩原雪歩,島村卯月,境界を超える絆,,
274,水瀬伊織,萩原雪歩,渋谷凛,境界を超える絆,,
275,水瀬伊織,萩原雪歩,本田未央,境界を超える絆,,
276,水瀬伊織,萩原雪歩,神崎蘭子,境界を超える絆,,
277,水瀬伊織,萩原雪歩,春日未来,境界を超える絆,,
278,水瀬伊織,萩原雪歩,最上静香,境界を超える絆,,
279,水瀬伊織,萩原雪歩,伊吹翼,境界を超える絆,,
280,水瀬伊織,萩原雪歩,真壁瑞希,境界を超える絆,,
281,水瀬伊織,萩原雪歩,周防桃子,境界を超える絆,,
282,水瀬伊織,萩原雪歩,天道輝,境界を超える絆,,
283,水瀬伊織,萩原雪歩,桜庭薫,境界を超える絆,,
284,水瀬伊織,萩原雪歩,柏木翼,境界を超える絆,,
285,水瀬伊織,萩原雪歩,硲道夫,境界を超える絆,,
286,水瀬伊織,萩原雪歩,櫻木真乃,境界を超える絆,,
287,水瀬伊織,萩原雪歩,風野灯織,境界を超える絆,,
288,水瀬伊織,萩原雪歩,八宮めぐる,境界を超える絆,,
289,水瀬伊織,萩原雪歩,小宮果穂,境界を超える絆,,
290,水瀬伊織,萩原雪歩,花海咲季,境界を超える絆,,
291,水瀬伊織,萩原雪歩,月村手毬,境界を超える絆,,
292,水瀬伊織,萩原雪歩,藤田ことね,境界を超える絆,,
293,水瀬伊織,萩原雪歩,紫雲清夏,境界を超える絆,,
294,水瀬伊織,菊地真,島村卯月,境界を超える絆,,
295,水瀬伊織,菊地真,渋谷凛,境界を超える絆,,
296,水瀬伊織,菊地真,本田未央,境界を超える絆,,
297,水瀬伊織,菊地真,神崎蘭子,境界を超える絆,,
298,水瀬伊織,菊地真,春日未来,境界を超える絆,,
299,水瀬伊織,菊地真,最上静香,境界を超える絆,,
300,水瀬伊織,菊地真,伊吹翼,境界を超える絆,,
301,水瀬伊織,菊地真,真壁瑞希,境界を超える絆,,
302,水瀬伊織,菊地真,周防桃子,境界を超える絆,,
303,水瀬伊織,菊地真,天道輝,境界を超える絆,,
304,水瀬伊織,菊地真,桜庭薫,境界を超える絆,,
305,水瀬伊織,菊地真,柏木翼,境界を超える絆,,
306,水瀬伊織,菊地真,硲道夫,境界を超える絆,,
307,水瀬伊織,菊地真,櫻木真乃,境界を超える絆,,
308,水瀬伊織,菊地真,風野灯織,境界を超える絆,,
309,水瀬伊織,菊地真,八宮めぐる,境界を超える絆,,
310,水瀬伊織,菊地真,小宮果穂,境界を超える絆,,
311,水瀬伊織,菊地真,花海咲季,境界を超える絆,,
312,水瀬伊織,菊地真,月村手毬,境界を超える絆,,
313,水瀬伊織,菊地真,藤田ことね,境界を超える絆,,
314,水瀬伊織,菊地真,紫雲清夏,境界を超える絆,,
315,萩原雪歩,菊地真,島村卯月,ハイスクールガールズ,,
316,萩原雪歩,菊地真,渋谷凛,ハイスクールガールズ,,
317,萩原雪歩,菊地真,本田未央,ハイスクールガールズ,,
318,萩原雪歩,菊地真,神崎蘭子,百花繚乱,,
319,萩原雪歩,菊地真,春日未来,境界を超える絆,,
320,萩原雪歩,菊地真,最上静香,境界を超える絆,,
321,萩原雪歩,菊地真,伊吹翼,境界を超える絆,,
322,萩原雪歩,菊地真,真壁瑞希,ハイスクールガールズ,,
323,萩原雪歩,菊地真,周防桃子,百花繚乱,,
324,萩原雪歩,菊地真,天道輝,境界を超える絆,,
325,萩原雪歩,菊地真,桜庭薫,百花繚乱,,
326,萩原雪歩,菊地真,柏木翼,百花繚乱,,
327,萩原雪歩,菊地真,硲道夫,境界を超える絆,,
328,萩原雪歩,菊地真,櫻木真乃,ハイスクールガールズ,百花繚乱,
329,萩原雪歩,菊地真,風野灯織,ハイスクールガールズ,,
330,萩原雪歩,菊地真,八宮めぐる,ハイスクールガールズ,,
331,萩原雪歩,菊地真,小宮果穂,境界を超える絆,,
332,萩原雪歩,菊地真,花海咲季,ハイスクールガールズ,百花繚乱,
333,萩原雪歩,菊地真,月村手毬,ハイスクールガールズ,,
334,萩原雪歩,菊地真,藤田ことね,ハイスクールガールズ,百花繚乱,
335,萩原雪歩,菊地真,紫雲清夏,ハイスクールガールズ,,
336,天海春香,島村卯月,渋谷凛,ハイスクールガールズ,,
337,天海春香,島村卯月,本田未央,ハイスクールガールズ,,
338,天海春香,島村卯月,神崎蘭子,Birth of April,,
339,天海春香,渋谷凛,本田未央,ハイスクールガールズ,,
340,天海春香,渋谷凛,神崎蘭子,境界を超える絆,,
341,天海春香,本田未央,神崎蘭子,境界を超える絆,,
342,天海春香,島村卯月,春日未来,Brilliant World,BLOOD TYPE O,
343,天海春香,島村卯月,最上静香,境界を超える絆,,
344,天海春香,島村卯月,伊吹翼,境界を超える絆,,
345,天海春香,島村卯月,真壁瑞希,ハイスクールガールズ,,
346,天海春香,島村卯月,周防桃子,境界を超える絆,,
347,天海春香,島村卯月,天道輝,Brilliant World,,
348,天海春香,島村卯月,桜庭薫,境界を超える絆,,
349,天海春香,島村卯月,柏木翼,BLOOD TYPE O,,
350,天海春香,島村卯月,硲道夫,境界を超える絆,,
351,天海春香,島村卯月,櫻木真乃,Brilliant World,ハイスクールガールズ,Birth of April
352,天海春香,島村卯月,風野灯織,ハイスクールガールズ,,
353,天海春香,島村卯月,八宮めぐる,ハイスクールガールズ,BLOOD TYPE O,
354,天海春香,島村卯月,小宮果穂,境界を超える絆,,
355,天海春香,島村卯月,花海咲季,Brilliant World,ハイスクールガールズ,Birth of April
356,天海春香,島村卯月,月村手毬,ハイスクールガールズ,,
357,天海春香,島村卯月,藤田ことね,ハイスクールガールズ,BLOOD TYPE O,Birth of April
358,天海春香,島村卯月,紫雲清夏,ハイスクールガールズ,BLOOD TYPE O,
359,天海春香,渋谷凛,春日未来,境界を超える絆,,
360,天海春香,渋谷凛,最上静香,境界を超える絆,,
361,天海春香,渋谷凛,伊吹翼,境界を超える絆,,
362,天海春香,渋谷凛,真壁瑞希,ハイスクールガールズ,,
363,天海春香,渋谷凛,周防桃子,境界を超える絆,,
364,天海春香,渋谷凛,天道輝,境界を超える絆,,
365,天海春香,渋谷凛,桜庭薫,境界を超える絆,,
366,天海春香,渋谷凛,柏木翼,境界を超える絆,,
367,天海春香,渋谷凛,硲道夫,境界を超える絆,,
368,天海春香,渋谷凛,櫻木真乃,ハイスクールガールズ,,
369,天海春香,渋谷凛,風野灯織,ハイスクールガールズ,,
370,天海春香,渋谷凛,八宮めぐる,ハイスクールガールズ,,
371,天海春香,渋谷凛,小宮果穂,境界を超える絆,,
372,天海春香,渋谷凛,花海咲季,ハイスクールガールズ,,
373,天海春香,渋谷凛,月村手毬,ハイスクールガールズ,,
374,天海春香,渋谷凛,藤田ことね,ハイスクールガールズ,,
375,天海春香,渋谷凛,紫雲清夏,ハイスクールガールズ,,
376,天海春香,本田未央,春日未来,境界を超える絆,,
377,天海春香,本田未央,最上静香,境界を超える絆,,
378,天海春香,本田未央,伊吹翼,境界を超える絆,,
379,天海春香,本田未央,真壁瑞希,ハイスクールガールズ,,
380,天海春香,本田未央,周防桃子,境界を超える絆,,
381,天海春香,本田未央,天道輝,境界を超える絆,,
382,天海春香,本田未央,桜庭薫,境界を超える絆,,
383,天海春香,本田未央,柏木翼,境界を超える絆,,
384,天海春香,本田未央,硲道夫,境界を超える絆,,
385,天海春香,本田未央,櫻木真乃,ハイスクールガールズ,,
386,天海春香,本田未央,風野灯織,ハイスクールガールズ,,
387,天海春香,本田未央,八宮めぐる,ハイスクールガールズ,,
388,天海春香,本田未央,小宮果穂,境界を超える絆,,
389,天海春香,本田未央,花海咲季,ハイスクールガールズ,,
390,天海春香,本田未央,月村手毬,ハイスクールガールズ,,
391,天海春香,本田未央,藤田ことね,ハイスクールガールズ,,
392,天海春香,本田未央,紫雲清夏,ハイスクールガールズ,,
393,天海春香,神崎蘭子,春日未来,境界を超える絆,,
394,天海春香,神崎蘭子,最上静香,境界を超える絆,,
395,天海春香,神崎蘭子,伊吹翼,境界を超える絆,,
396,天海春香,神崎蘭子,真壁瑞希,Autumn Constellations,,
397,天海春香,神崎蘭子,周防桃子,境界を超える絆,,
398,天海春香,神崎蘭子,天道輝,Autumn Constellations,,
399,天海春香,神崎蘭子,桜庭薫,境界を超える絆,,
400,天海春香,神崎蘭子,柏木翼,境界を超える絆,,
401,天海春香,神崎蘭子,硲道夫,Autumn Constellations,,
402,天海春香,神崎蘭子,櫻木真乃,Birth of April,,
403,天海春香,神崎蘭子,風野灯織,Autumn Constellations,,
404,天海春香,神崎蘭子,八宮めぐる,境界を超える絆,,
405,天海春香,神崎蘭子,小宮果穂,境界を超える絆,,
406,天海春香,神崎蘭子,花海咲季,Birth of April,Autumn Constellations,
407,天海春香,神崎蘭子,月村手毬,境界を超える絆,,
408,天海春香,神崎蘭子,藤田ことね,Birth of April,,
409,天海春香,神崎蘭子,紫雲清夏,境界を超える絆,,
410,天海春香,春日未来,最上静香,境界を超える絆,,
411,天海春香,春日未来,伊吹翼,境界を超える絆,,
412,天海春香,春日未来,真壁瑞希,境界を超える絆,,
413,天海春香,春日未来,周防桃子,境界を超える絆,,
414,天海春香,最上静香,伊吹翼,境界を超える絆,,
415,天海春香,最上静香,真壁瑞希,境界を超える絆,,
416,天海春香,最上静香,周防桃子,境界を超える絆,,
417,天海春香,伊吹翼,真壁瑞希,境界を超える絆,,
418,天海春香,伊吹翼,周防桃子,境界を超える絆,,
419,天海春香,真壁瑞希,周防桃子,境界を超える絆,,
420,天海春香,春日未来,天道輝,Brilliant World,,
421,天海春香,春日未来,桜庭薫,境界を超える絆,,
422,天海春香,春日未来,柏木翼,BLOOD TYPE O,,
423,天海春香,春日未来,硲道夫,境界を超える絆,,
424,天海春香,春日未来,櫻木真乃,Brilliant World,,
425,天海春香,春日未来,風野灯織,境界を超える絆,,
426,天海春香,春日未来,八宮めぐる,BLOOD TYPE O,,
427,天海春香,春日未来,小宮果穂,境界を超える絆,,
428,天海春香,春日未来,花海咲季,Brilliant World,,
429,天海春香,春日未来,月村手毬,境界を超える絆,,
430,天海春香,春日未来,藤田ことね,BLOOD TYPE O,,
431,天海春香,春日未来,紫雲清夏,BLOOD TYPE O,春夏秋冬,
432,天海春香,最上静香,天道輝,境界を超える絆,,
433,天海春香,最上静香,桜庭薫,境界を超える絆,,
434,天海春香,最上静香,柏木翼,境界を超える絆,,
435,天海春香,最上静香,硲道夫,境界を超える絆,,
436,天海春香,最上静香,櫻木真乃,境界を超える絆,,
437,天海春香,最上静香,風野灯織,境界を超える絆,,
438,天海春香,最上静香,八宮めぐる,境界を超える絆,,
439,天海春香,最上静香,小宮果穂,境界を超える絆,,
440,天海春香,最上静香,花海咲季,境界を超える絆,,
441,天海春香,最上静香,月村手毬,境界を超える絆,,
442,天海春香,最上静香,藤田ことね,境界を超える絆,,
443,天海春香,最上静香,紫雲清夏,境界を超える絆,,
444,天海春香,伊吹翼,天道輝,境界を超える絆,,
445,天海春香,伊吹翼,桜庭薫,境界を超える絆,,
446,天海春香,伊吹翼,柏木翼,境界を超える絆,,
447,天海春香,伊吹翼,硲道夫,境界を超える絆,,
448,天海春香,伊吹翼,櫻木真乃,境界を超える絆,,
449,天海春香,伊吹翼,風野灯織,境界を超える絆,,
450,天海春香,伊吹翼,八宮めぐる,境界を超える絆,,
451,天海春香,伊吹翼,小宮果穂,境界を超える絆,,
452,天海春香,伊吹翼,花海咲季,境界を超える絆,,
453,天海春香,伊吹翼,月村手毬,境界を超える絆,,
454,天海春香,伊吹翼,藤田ことね,境界を超える絆,,
455,天海春香,伊吹翼,紫雲清夏,境界を超える絆,,
456,天海春香,真壁瑞希,天道輝,Autumn Constellations,,
457,天海春香,真壁瑞希,桜庭薫,境界を超える絆,,
458,天海春香,真壁瑞希,柏木翼,境界を超える絆,,
459,天海春香,真壁瑞希,硲道夫,Autumn Constellations,,
460,天海春香,真壁瑞希,櫻木真乃,ハイスクールガールズ,,
461,天海春香,真壁瑞希,風野灯織,ハイスクールガールズ,Autumn Constellations,
462,天海春香,真壁瑞希,八宮めぐる,ハイスクールガールズ,,
463,天海春香,真壁瑞希,小宮果穂,境界を超える絆,,
464,天海春香,真壁瑞希,花海咲季,ハイスクールガールズ,Autumn Constellations,
465,天海春香,真壁瑞希,月村手毬,ハイスクールガールズ,,
466,天海春香,真壁瑞希,藤田ことね,ハイスクールガールズ,,
467,天海春香,真壁瑞希,紫雲清夏,ハイスクールガールズ,,
468,天海春香,周防桃子,天道輝,境界を超える絆,,
469,天海春香,周防桃子,桜庭薫,境界を超える絆,,
470,天海春香,周防桃子,柏木翼,境界を超える絆,,
471,天海春香,周防桃子,硲道夫,境界を超える絆,,
472,天海春香,周防桃子,櫻木真乃,境界を超える絆,,
473,天海春香,周防桃子,風野灯織,境界を超える絆,,
474,天海春香,周防桃子,八宮めぐる,境界を超える絆,,
475,天海春香,周防桃子,小宮果穂,境界を超える絆,,
476,天海春香,周防桃子,花海咲季,境界を超える絆,,
477,天海春香,周防桃子,月村手毬,境界を超える絆,,
478,天海春香,周防桃子,藤田ことね,境界を超える絆,,
479,天海春香,周防桃子,紫雲清夏,境界を超える絆,,
480,天海春香,天道輝,桜庭薫,境界を超える絆,,
481,天海春香,天道輝,柏木翼,美味しいものは正義！,,
482,天海春香,天道輝,硲道夫,Autumn Constellations,,
483,天海春香,桜庭薫,柏木翼,境界を超える絆,,
484,天海春香,桜庭薫,硲道夫,境界を超える絆,,
485,天海春香,柏木翼,硲道夫,境界を超える絆,,
486,天海春香,天道輝,櫻木真乃,Brilliant World,,
487,天海春香,天道輝,風野灯織,Autumn Constellations,,
488,天海春香,天道輝,八宮めぐる,境界を超える絆,,
489,天海春香,天道輝,小宮果穂,境界を超える絆,,
490,天海春香,天道輝,花海咲季,Brilliant World,Autumn Constellations,
491,天海春香,天道輝,月村手毬,美味しいものは正義！,,
492,天海春香,天道輝,藤田ことね,境界を超える絆,,
493,天海春香,天道輝,紫雲清夏,境界を超える絆,,
494,天海春香,桜庭薫,櫻木真乃,境界を超える絆,,
495,天海春香,桜庭薫,風野灯織,境界を超える絆,,
496,天海春香,桜庭薫,八宮めぐる,境界を超える絆,,
497,天海春香,桜庭薫,小宮果穂,境界を超える絆,,
498,天海春香,桜庭薫,花海咲季,境界を超える絆,,
499,天海春香,桜庭薫,月村手毬,境界を超える絆,,
500,天海春香,桜庭薫,藤田ことね,境界を超える絆,,
501,天海春香,桜庭薫,紫雲清夏,境界を超える絆,,
502,天海春香,柏木翼,櫻木真乃,境界を超える絆,,
503,天海春香,柏木翼,風野灯織,境界を超える絆,,
504,天海春香,柏木翼,八宮めぐる,BLOOD TYPE O,,
505,天海春香,柏木翼,小宮果穂,境界を超える絆,,
506,天海春香,柏木翼,花海咲季,境界を超える絆,,
507,天海春香,柏木翼,月村手毬,美味しいものは正義！,,
508,天海春香,柏木翼,藤田ことね,BLOOD TYPE O,,
509,天海春香,柏木翼,紫雲清夏,BLOOD TYPE O,,
510,天海春香,硲道夫,櫻木真乃,境界を超える絆,,
511,天海春香,硲道夫,風野灯織,Autumn Constellations,,
512,天海春香,硲道夫,八宮めぐる,境界を超える絆,,
513,天海春香,硲道夫,小宮果穂,境界を超える絆,,
514,天海春香,硲道夫,花海咲季,Autumn Constellations,,
515,天海春香,硲道夫,月村手毬,境界を超える絆,,
516,天海春香,硲道夫,藤田ことね,境界を超える絆,,
517,天海春香,硲道夫,紫雲清夏,境界を超える絆,,
518,天海春香,櫻木真乃,風野灯織,ハイスクールガールズ,,
519,天海春香,櫻木真乃,八宮めぐる,ハイスクールガールズ,,
520,天海春香,櫻木真乃,小宮果穂,境界を超える絆,,
521,天海春香,風野灯織,八宮めぐる,ハイスクールガールズ,,
522,天海春香,風野灯織,小宮果穂,境界を超える絆,,
523,天海春香,八宮めぐる,小宮果穂,境界を超える絆,,
524,天海春香,櫻木真乃,花海咲季,Brilliant World,ハイスクールガールズ,Birth of April
525,天海春香,櫻木真乃,月村手毬,ハイスクールガールズ,,
526,天海春香,櫻木真乃,藤田ことね,ハイスクールガールズ,Birth of April,
527,天海春香,櫻木真乃,紫雲清夏,ハイスクールガールズ,,
528,天海春香,風野灯織,花海咲季,ハイスクールガールズ,Autumn Constellations,
529,天海春香,風野灯織,月村手毬,ハイスクールガールズ,,
530,天海春香,風野灯織,藤田ことね,ハイスクールガールズ,,
531,天海春香,風野灯織,紫雲清夏,ハイスクールガールズ,,
532,天海春香,八宮めぐる,花海咲季,ハイスクールガールズ,,
533,天海春香,八宮めぐる,月村手毬,ハイスクールガールズ,,
534,天海春香,八宮めぐる,藤田ことね,ハイスクールガールズ,BLOOD TYPE O,
535,天海春香,八宮めぐる,紫雲清夏,ハイスクールガールズ,BLOOD TYPE O,
536,天海春香,小宮果穂,花海咲季,境界を超える絆,,
537,天海春香,小宮果穂,月村手毬,境界を超える絆,,
538,天海春香,小宮果穂,藤田ことね,境界を超える絆,,
539,天海春香,小宮果穂,紫雲清夏,境界を超える絆,,
540,天海春香,花海咲季,月村手毬,ハイスクールガールズ,,
541,天海春香,花海咲季,藤田ことね,ハイスクールガールズ,Birth of April,
542,天海春香,花海咲季,紫雲清夏,ハイスクールガールズ,,
543,天海春香,月村手毬,藤田ことね,ハイスクールガールズ,,
544,天海春香,月村手毬,紫雲清夏,ハイスクールガールズ,,
545,天海春香,藤田ことね,紫雲清夏,ハイスクールガールズ,BLOOD TYPE O,
546,如月千早,島村卯月,渋谷凛,ハイスクールガールズ,,
547,如月千早,島村卯月,本田未央,ハイスクールガールズ,,
548,如月千早,島村卯月,神崎蘭子,境界を超える絆,,
549,如月千早,渋谷凛,本田未央,ハイスクールガールズ,,
550,如月千早,渋谷凛,神崎蘭子,境界を超える絆,,
551,如月千早,本田未央,神崎蘭子,境界を超える絆,,
552,如月千早,島村卯月,春日未来,Celestial Names,,
553,如月千早,島村卯月,最上静香,境界を超える絆,,
554,如月千早,島村卯月,伊吹翼,境界を超える絆,,
555,如月千早,島村卯月,真壁瑞希,ハイスクールガールズ,,
556,如月千早,島村卯月,周防桃子,境界を超える絆,,
557,如月千早,島村卯月,天道輝,境界を超える絆,,
558,如月千早,島村卯月,桜庭薫,境界を超える絆,,
559,如月千早,島村卯月,柏木翼,境界を超える絆,,
560,如月千早,島村卯月,硲道夫,境界を超える絆,,
561,如月千早,島村卯月,櫻木真乃,ハイスクールガールズ,,
562,如月千早,島村卯月,風野灯織,ハイスクールガールズ,,
563,如月千早,島村卯月,八宮めぐる,ハイスクールガールズ,,
564,如月千早,島村卯月,小宮果穂,境界を超える絆,,
565,如月千早,島村卯月,花海咲季,ハイスクールガールズ,,
566,如月千早,島村卯月,月村手毬,ハイスクールガールズ,Celestial Names,
567,如月千早,島村卯月,藤田ことね,ハイスクールガールズ,,
568,如月千早,島村卯月,紫雲清夏,ハイスクールガールズ,,
569,如月千早,渋谷凛,春日未来,境界を超える絆,,
570,如月千早,渋谷凛,最上静香,Fantasy Scenery,,
571,如月千早,渋谷凛,伊吹翼,境界を超える絆,,
572,如月千早,渋谷凛,真壁瑞希,ハイスクールガールズ,,
573,如月千早,渋谷凛,周防桃子,境界を超える絆,,
574,如月千早,渋谷凛,天道輝,境界を超える絆,,
575,如月千早,渋谷凛,桜庭薫,Fantasy Scenery,,
576,如月千早,渋谷凛,柏木翼,境界を超える絆,,
577,如月千早,渋谷凛,硲道夫,境界を超える絆,,
578,如月千早,渋谷凛,櫻木真乃,ハイスクールガールズ,,
579,如月千早,渋谷凛,風野灯織,Fantasy Scenery,ハイスクールガールズ,
580,如月千早,渋谷凛,八宮めぐる,ハイスクールガールズ,,
581,如月千早,渋谷凛,小宮果穂,境界を超える絆,,
582,如月千早,渋谷凛,花海咲季,ハイスクールガールズ,,
583,如月千早,渋谷凛,月村手毬,Fantasy Scenery,ハイスクールガールズ,
584,如月千早,渋谷凛,藤田ことね,ハイスクールガールズ,,
585,如月千早,渋谷凛,紫雲清夏,ハイスクールガールズ,,
586,如月千早,本田未央,春日未来,境界を超える絆,,
587,如月千早,本田未央,最上静香,境界を超える絆,,
588,如月千早,本田未央,伊吹翼,境界を超える絆,,
589,如月千早,本田未央,真壁瑞希,ハイスクールガールズ,,
590,如月千早,本田未央,周防桃子,境界を超える絆,,
591,如月千早,本田未央,天道輝,境界を超える絆,,
592,如月千早,本田未央,桜庭薫,境界を超える絆,,
593,如月千早,本田未央,柏木翼,境界を超える絆,,
594,如月千早,本田未央,硲道夫,境界を超える絆,,
595,如月千早,本田未央,櫻木真乃,ハイスクールガールズ,,
596,如月千早,本田未央,風野灯織,ハイスクールガールズ,,
597,如月千早,本田未央,八宮めぐる,ハイスクールガールズ,,
598,如月千早,本田未央,小宮果穂,境界を超える絆,,
599,如月千早,本田未央,花海咲季,ハイスクールガールズ,,
600,如月千早,本田未央,月村手毬,ハイスクールガールズ,,
601,如月千早,本田未央,藤田ことね,ハイスクールガールズ,,
602,如月千早,本田未央,紫雲清夏,ハイスクールガールズ,,
603,如月千早,神崎蘭子,春日未来,境界を超える絆,,
604,如月千早,神崎蘭子,最上静香,BLOOD TYPE A,,
605,如月千早,神崎蘭子,伊吹翼,境界を超える絆,,
606,如月千早,神崎蘭子,真壁瑞希,Autumn Constellations,,
607,如月千早,神崎蘭子,周防桃子,境界を超える絆,,
608,如月千早,神崎蘭子,天道輝,Autumn Constellations,,
609,如月千早,神崎蘭子,桜庭薫,BLOOD TYPE A,,
610,如月千早,神崎蘭子,柏木翼,境界を超える絆,,
611,如月千早,神崎蘭子,硲道夫,Autumn Constellations,,
612,如月千早,神崎蘭子,櫻木真乃,BLOOD TYPE A,,
613,如月千早,神崎蘭子,風野灯織,BLOOD TYPE A,Autumn Constellations,
614,如月千早,神崎蘭子,八宮めぐる,境界を超える絆,,
615,如月千早,神崎蘭子,小宮果穂,BLOOD TYPE A,,
616,如月千早,神崎蘭子,花海咲季,BLOOD TYPE A,Autumn Constellations,
617,如月千早,神崎蘭子,月村手毬,境界を超える絆,,
618,如月千早,神崎蘭子,藤田ことね,境界を超える絆,,
619,如月千早,神崎蘭子,紫雲清夏,境界を超える絆,,
620,如月千早,春日未来,最上静香,境界を超える絆,,
621,如月千早,春日未来,伊吹翼,境界を超える絆,,
622,如月千早,春日未来,真壁瑞希,境界を超える絆,,
623,如月千早,春日未来,周防桃子,境界を超える絆,,
624,如月千早,最上静香,伊吹翼,境界を超える絆,,
625,如月千早,最上静香,真壁瑞希,境界を超える絆,,
626,如月千早,最上静香,周防桃子,境界を超える絆,,
627,如月千早,伊吹翼,真壁瑞希,境界を超える絆,,
628,如月千早,伊吹翼,周防桃子,境界を超える絆,,
629,如月千早,真壁瑞希,周防桃子,境界を超える絆,,
630,如月千早,春日未来,天道輝,境界を超える絆,,
631,如月千早,春日未来,桜庭薫,境界を超える絆,,
632,如月千早,春日未来,柏木翼,境界を超える絆,,
633,如月千早,春日未来,硲道夫,境界を超える絆,,
634,如月千早,春日未来,櫻木真乃,境界を超える絆,,
635,如月千早,春日未来,風野灯織,境界を超える絆,,
636,如月千早,春日未来,八宮めぐる,境界を超える絆,,
637,如月千早,春日未来,小宮果穂,境界を超える絆,,
638,如月千早,春日未来,花海咲季,境界を超える絆,,
639,如月千早,春日未来,月村手毬,Celestial Names,,
640,如月千早,春日未来,藤田ことね,境界を超える絆,,
641,如月千早,春日未来,紫雲清夏,境界を超える絆,,
642,如月千早,最上静香,天道輝,境界を超える絆,,
643,如月千早,最上静香,桜庭薫,Fantasy Scenery,BLOOD TYPE A,
644,如月千早,最上静香,柏木翼,境界を超える絆,,
645,如月千早,最上静香,硲道夫,境界を超える絆,,
646,如月千早,最上静香,櫻木真乃,BLOOD TYPE A,,
647,如月千早,最上静香,風野灯織,Fantasy Scenery,BLOOD TYPE A,
648,如月千早,最上静香,八宮めぐる,境界を超える絆,,
649,如月千早,最上静香,小宮果穂,BLOOD TYPE A,,
650,如月千早,最上静香,花海咲季,BLOOD TYPE A,,
651,如月千早,最上静香,月村手毬,Fantasy Scenery,,
652,如月千早,最上静香,藤田ことね,境界を超える絆,,
653,如月千早,最上静香,紫雲清夏,境界を超える絆,,
654,如月千早,伊吹翼,天道輝,境界を超える絆,,
655,如月千早,伊吹翼,桜庭薫,境界を超える絆,,
656,如月千早,伊吹翼,柏木翼,境界を超える絆,,
657,如月千早,伊吹翼,硲道夫,境界を超える絆,,
658,如月千早,伊吹翼,櫻木真乃,境界を超える絆,,
659,如月千早,伊吹翼,風野灯織,境界を超える絆,,
660,如月千早,伊吹翼,八宮めぐる,境界を超える絆,,
661,如月千早,伊吹翼,小宮果穂,境界を超える絆,,
662,如月千早,伊吹翼,花海咲季,境界を超える絆,,
663,如月千早,伊吹翼,月村手毬,境界を超える絆,,
664,如月千早,伊吹翼,藤田ことね,境界を超える絆,,
665,如月千早,伊吹翼,紫雲清夏,境界を超える絆,,
666,如月千早,真壁瑞希,天道輝,Autumn Constellations,,
667,如月千早,真壁瑞希,桜庭薫,境界を超える絆,,
668,如月千早,真壁瑞希,柏木翼,境界を超える絆,,
669,如月千早,真壁瑞希,硲道夫,Autumn Constellations,,
670,如月千早,真壁瑞希,櫻木真乃,ハイスクールガールズ,,
671,如月千早,真壁瑞希,風野灯織,ハイスクールガールズ,Autumn Constellations,
672,如月千早,真壁瑞希,八宮めぐる,ハイスクールガールズ,,
673,如月千早,真壁瑞希,小宮果穂,境界を超える絆,,
674,如月千早,真壁瑞希,花海咲季,ハイスクールガールズ,Autumn Constellations,
675,如月千早,真壁瑞希,月村手毬,ハイスクールガールズ,,
676,如月千早,真壁瑞希,藤田ことね,ハイスクールガールズ,,
677,如月千早,真壁瑞希,紫雲清夏,ハイスクールガールズ,,
678,如月千早,周防桃子,天道輝,境界を超える絆,,
679,如月千早,周防桃子,桜庭薫,境界を超える絆,,
680,如月千早,周防桃子,柏木翼,境界を超える絆,,
681,如月千早,周防桃子,硲道夫,境界を超える絆,,
682,如月千早,周防桃子,櫻木真乃,境界を超える絆,,
683,如月千早,周防桃子,風野灯織,境界を超える絆,,
684,如月千早,周防桃子,八宮めぐる,境界を超える絆,,
685,如月千早,周防桃子,小宮果穂,境界を超える絆,,
686,如月千早,周防桃子,花海咲季,境界を超える絆,,
687,如月千早,周防桃子,月村手毬,境界を超える絆,,
688,如月千早,周防桃子,藤田ことね,境界を超える絆,,
689,如月千早,周防桃子,紫雲清夏,境界を超える絆,,
690,如月千早,天道輝,桜庭薫,境界を超える絆,,
691,如月千早,天道輝,柏木翼,境界を超える絆,,
692,如月千早,天道輝,硲道夫,Autumn Constellations,,
693,如月千早,桜庭薫,柏木翼,境界を超える絆,,
694,如月千早,桜庭薫,硲道夫,境界を超える絆,,
695,如月千早,柏木翼,硲道夫,境界を超える絆,,
696,如月千早,天道輝,櫻木真乃,境界を超える絆,,
697,如月千早,天道輝,風野灯織,Autumn Constellations,,
698,如月千早,天道輝,八宮めぐる,境界を超える絆,,
699,如月千早,天道輝,小宮果穂,境界を超える絆,,
700,如月千早,天道輝,花海咲季,Autumn Constellations,,
701,如月千早,天道輝,月村手毬,境界を超える絆,,
702,如月千早,天道輝,藤田ことね,境界を超える絆,,
703,如月千早,天道輝,紫雲清夏,境界を超える絆,,
704,如月千早,桜庭薫,櫻木真乃,BLOOD TYPE A,,
705,如月千早,桜庭薫,風野灯織,Fantasy Scenery,BLOOD TYPE A,
706,如月千早,桜庭薫,八宮めぐる,境界を超える絆,,
707,如月千早,桜庭薫,小宮果穂,BLOOD TYPE A,,
708,如月千早,桜庭薫,花海咲季,BLOOD TYPE A,,
709,如月千早,桜庭薫,月村手毬,Fantasy Scenery,,
710,如月千早,桜庭薫,藤田ことね,境界を超える絆,,
711,如月千早,桜庭薫,紫雲清夏,境界を超える絆,,
712,如月千早,柏木翼,櫻木真乃,境界を超える絆,,
713,如月千早,柏木翼,風野灯織,境界を超える絆,,
714,如月千早,柏木翼,八宮めぐる,境界を超える絆,,
715,如月千早,柏木翼,小宮果穂,境界を超える絆,,
716,如月千早,柏木翼,花海咲季,境界を超える絆,,
717,如月千早,柏木翼,月村手毬,境界を超える絆,,
718,如月千早,柏木翼,藤田ことね,境界を超える絆,,
719,如月千早,柏木翼,紫雲清夏,境界を超える絆,,
720,如月千早,硲道夫,櫻木真乃,境界を超える絆,,
721,如月千早,硲道夫,風野灯織,Autumn Constellations,,
722,如月千早,硲道夫,八宮めぐる,境界を超える絆,,
723,如月千早,硲道夫,小宮果穂,境界を超える絆,,
724,如月千早,硲道夫,花海咲季,Autumn Constellations,,
725,如月千早,硲道夫,月村手毬,境界を超える絆,,
726,如月千早,硲道夫,藤田ことね,境界を超える絆,,
727,如月千早,硲道夫,紫雲清夏,境界を超える絆,,
728,如月千早,櫻木真乃,風野灯織,ハイスクールガールズ,BLOOD TYPE A,
729,如月千早,櫻木真乃,八宮めぐる,ハイスクールガールズ,,
730,如月千早,櫻木真乃,小宮果穂,BLOOD TYPE A,,
731,如月千早,風野灯織,八宮めぐる,ハイスクールガールズ,,
732,如月千早,風野灯織,小宮果穂,BLOOD TYPE A,,
733,如月千早,八宮めぐる,小宮果穂,境界を超える絆,,
734,如月千早,櫻木真乃,花海咲季,ハイスクールガールズ,BLOOD TYPE A,
735,如月千早,櫻木真乃,月村手毬,ハイスクールガールズ,,
736,如月千早,櫻木真乃,藤田ことね,ハイスクールガールズ,,
737,如月千早,櫻木真乃,紫雲清夏,ハイスクールガールズ,,
738,如月千早,風野灯織,花海咲季,ハイスクールガールズ,BLOOD TYPE A,Autumn Constellations
739,如月千早,風野灯織,月村手毬,Fantasy Scenery,ハイスクールガールズ,
740,如月千早,風野灯織,藤田ことね,ハイスクールガールズ,,
741,如月千早,風野灯織,紫雲清夏,ハイスクールガールズ,,
742,如月千早,八宮めぐる,花海咲季,ハイスクールガールズ,,
743,如月千早,八宮めぐる,月村手毬,ハイスクールガールズ,,
744,如月千早,八宮めぐる,藤田ことね,ハイスクールガールズ,,
745,如月千早,八宮めぐる,紫雲清夏,ハイスクールガールズ,,
746,如月千早,小宮果穂,花海咲季,BLOOD TYPE A,,
747,如月千早,小宮果穂,月村手毬,境界を超える絆,,
748,如月千早,小宮果穂,藤田ことね,境界を超える絆,,
749,如月千早,小宮果穂,紫雲清夏,境界を超える絆,,
750,如月千早,花海咲季,月村手毬,ハイスクールガールズ,,
751,如月千早,花海咲季,藤田ことね,ハイスクールガールズ,,
752,如月千早,花海咲季,紫雲清夏,ハイスクールガールズ,,
753,如月千早,月村手毬,藤田ことね,ハイスクールガールズ,,
754,如月千早,月村手毬,紫雲清夏,ハイスクールガールズ,,
755,如月千早,藤田ことね,紫雲清夏,ハイスクールガールズ,,
756,星井美希,島村卯月,渋谷凛,境界を超える絆,,
757,星井美希,島村卯月,本田未央,境界を超える絆,,
758,星井美希,島村卯月,神崎蘭子,境界を超える絆,,
759,星井美希,渋谷凛,本田未央,BLOOD TYPE B,,
760,星井美希,渋谷凛,神崎蘭子,境界を超える絆,,
761,星井美希,本田未央,神崎蘭子,境界を超える絆,,
762,星井美希,島村卯月,春日未来,Celestial Names,,
763,星井美希,島村卯月,最上静香,境界を超える絆,,
764,星井美希,島村卯月,伊吹翼,境界を超える絆,,
765,星井美希,島村卯月,真壁瑞希,境界を超える絆,,
766,星井美希,島村卯月,周防桃子,境界を超える絆,,
767,星井美希,島村卯月,天道輝,境界を超える絆,,
768,星井美希,島村卯月,桜庭薫,境界を超える絆,,
769,星井美希,島村卯月,柏木翼,境界を超える絆,,
770,星井美希,島村卯月,硲道夫,境界を超える絆,,
771,星井美希,島村卯月,櫻木真乃,境界を超える絆,,
772,星井美希,島村卯月,風野灯織,境界を超える絆,,
773,星井美希,島村卯月,八宮めぐる,境界を超える絆,,
774,星井美希,島村卯月,小宮果穂,境界を超える絆,,
775,星井美希,島村卯月,花海咲季,境界を超える絆,,
776,星井美希,島村卯月,月村手毬,Celestial Names,,
777,星井美希,島村卯月,藤田ことね,境界を超える絆,,
778,星井美希,島村卯月,紫雲清夏,境界を超える絆,,
779,星井美希,渋谷凛,春日未来,境界を超える絆,,
780,星井美希,渋谷凛,最上静香,境界を超える絆,,
781,星井美希,渋谷凛,伊吹翼,BLOOD TYPE B,,
782,星井美希,渋谷凛,真壁瑞希,BLOOD TYPE B,,
783,星井美希,渋谷凛,周防桃子,BLOOD TYPE B,,
784,星井美希,渋谷凛,天道輝,BLOOD TYPE B,,
785,星井美希,渋谷凛,桜庭薫,境界を超える絆,,
786,星井美希,渋谷凛,柏木翼,境界を超える絆,,
787,星井美希,渋谷凛,硲道夫,境界を超える絆,,
788,星井美希,渋谷凛,櫻木真乃,境界を超える絆,,
789,星井美希,渋谷凛,風野灯織,境界を超える絆,,
790,星井美希,渋谷凛,八宮めぐる,境界を超える絆,,
791,星井美希,渋谷凛,小宮果穂,境界を超える絆,,
792,星井美希,渋谷凛,花海咲季,境界を超える絆,,
793,星井美希,渋谷凛,月村手毬,境界を超える絆,,
794,星井美希,渋谷凛,藤田ことね,境界を超える絆,,
795,星井美希,渋谷凛,紫雲清夏,境界を超える絆,,
796,星井美希,本田未央,春日未来,境界を超える絆,,
797,星井美希,本田未央,最上静香,境界を超える絆,,
798,星井美希,本田未央,伊吹翼,Dazzling Garden,BLOOD TYPE B,
799,星井美希,本田未央,真壁瑞希,BLOOD TYPE B,,
800,星井美希,本田未央,周防桃子,BLOOD TYPE B,Summer Constellations,
801,星井美希,本田未央,天道輝,BLOOD TYPE B,,
802,星井美希,本田未央,桜庭薫,Summer Constellations,,
803,星井美希,本田未央,柏木翼,Dazzling Garden,,
804,星井美希,本田未央,硲道夫,境界を超える絆,,
805,星井美希,本田未央,櫻木真乃,境界を超える絆,,
806,星井美希,本田未央,風野灯織,境界を超える絆,,
807,星井美希,本田未央,八宮めぐる,Dazzling Garden,,
808,星井美希,本田未央,小宮果穂,境界を超える絆,,
809,星井美希,本田未央,花海咲季,境界を超える絆,,
810,星井美希,本田未央,月村手毬,境界を超える絆,,
811,星井美希,本田未央,藤田ことね,Dazzling Garden,,
812,星井美希,本田未央,紫雲清夏,Summer Constellations,,
813,星井美希,神崎蘭子,春日未来,ジュニアハイスクールガールズ,,
814,星井美希,神崎蘭子,最上静香,ジュニアハイスクールガールズ,,
815,星井美希,神崎蘭子,伊吹翼,ジュニアハイスクールガールズ,,
816,星井美希,神崎蘭子,真壁瑞希,境界を超える絆,,
817,星井美希,神崎蘭子,周防桃子,境界を超える絆,,
818,星井美希,神崎蘭子,天道輝,境界を超える絆,,
819,星井美希,神崎蘭子,桜庭薫,境界を超える絆,,
820,星井美希,神崎蘭子,柏木翼,境界を超える絆,,
821,星井美希,神崎蘭子,硲道夫,境界を超える絆,,
822,星井美希,神崎蘭子,櫻木真乃,境界を超える絆,,
823,星井美希,神崎蘭子,風野灯織,境界を超える絆,,
824,星井美希,神崎蘭子,八宮めぐる,境界を超える絆,,
825,星井美希,神崎蘭子,小宮果穂,境界を超える絆,,
826,星井美希,神崎蘭子,花海咲季,境界を超える絆,,
827,星井美希,神崎蘭子,月村手毬,境界を超える絆,,
828,星井美希,神崎蘭子,藤田ことね,境界を超える絆,,
829,星井美希,神崎蘭子,紫雲清夏,境界を超える絆,,
830,星井美希,春日未来,最上静香,ジュニアハイスクールガールズ,,
831,星井美希,春日未来,伊吹翼,ジュニアハイスクールガールズ,,
832,星井美希,春日未来,真壁瑞希,境界を超える絆,,
833,星井美希,春日未来,周防桃子,境界を超える絆,,
834,星井美希,最上静香,伊吹翼,ジュニアハイスクールガールズ,,
835,星井美希,最上静香,真壁瑞希,境界を超える絆,,
836,星井美希,最上静香,周防桃子,境界を超える絆,,
837,星井美希,伊吹翼,真壁瑞希,BLOOD TYPE B,,
838,星井美希,伊吹翼,周防桃子,BLOOD TYPE B,,
839,星井美希,真壁瑞希,周防桃子,BLOOD TYPE B,,
840,星井美希,春日未来,天道輝,境界を超える絆,,
841,星井美希,春日未来,桜庭薫,境界を超える絆,,
842,星井美希,春日未来,柏木翼,境界を超える絆,,
843,星井美希,春日未来,硲道夫,境界を超える絆,,
844,星井美希,春日未来,櫻木真乃,境界を超える絆,,
845,星井美希,春日未来,風野灯織,境界を超える絆,,
846,星井美希,春日未来,八宮めぐる,境界を超える絆,,
847,星井美希,春日未来,小宮果穂,境界を超える絆,,
848,星井美希,春日未来,花海咲季,境界を超える絆,,
849,星井美希,春日未来,月村手毬,Celestial Names,,
850,星井美希,春日未来,藤田ことね,境界を超える絆,,
851,星井美希,春日未来,紫雲清夏,境界を超える絆,,
852,星井美希,最上静香,天道輝,境界を超える絆,,
853,星井美希,最上静香,桜庭薫,境界を超える絆,,
854,星井美希,最上静香,柏木翼,境界を超える絆,,
855,星井美希,最上静香,硲道夫,境界を超える絆,,
856,星井美希,最上静香,櫻木真乃,境界を超える絆,,
857,星井美希,最上静香,風野灯織,境界を超える絆,,
858,星井美希,最上静香,八宮めぐる,境界を超える絆,,
859,星井美希,最上静香,小宮果穂,境界を超える絆,,
860,星井美希,最上静香,花海咲季,境界を超える絆,,
861,星井美希,最上静香,月村手毬,境界を超える絆,,
862,星井美希,最上静香,藤田ことね,境界を超える絆,,
863,星井美希,最上静香,紫雲清夏,境界を超える絆,,
864,星井美希,伊吹翼,天道輝,BLOOD TYPE B,,
865,星井美希,伊吹翼,桜庭薫,境界を超える絆,,
866,星井美希,伊吹翼,柏木翼,Dazzling Garden,,
867,星井美希,伊吹翼,硲道夫,境界を超える絆,,
868,星井美希,伊吹翼,櫻木真乃,境界を超える絆,,
869,星井美希,伊吹翼,風野灯織,境界を超える絆,,
870,星井美希,伊吹翼,八宮めぐる,Dazzling Garden,,
871,星井美希,伊吹翼,小宮果穂,境界を超える絆,,
872,星井美希,伊吹翼,花海咲季,境界を超える絆,,
873,星井美希,伊吹翼,月村手毬,境界を超える絆,,
874,星井美希,伊吹翼,藤田ことね,Dazzling Garden,,
875,星井美希,伊吹翼,紫雲清夏,境界を超える絆,,
876,星井美希,真壁瑞希,天道輝,BLOOD TYPE B,,
877,星井美希,真壁瑞希,桜庭薫,境界を超える絆,,
878,星井美希,真壁瑞希,柏木翼,境界を超える絆,,
879,星井美希,真壁瑞希,硲道夫,境界を超える絆,,
880,星井美希,真壁瑞希,櫻木真乃,境界を超える絆,,
881,星井美希,真壁瑞希,風野灯織,境界を超える絆,,
882,星井美希,真壁瑞希,八宮めぐる,境界を超える絆,,
883,星井美希,真壁瑞希,小宮果穂,境界を超える絆,,
884,星井美希,真壁瑞希,花海咲季,境界を超える絆,,
885,星井美希,真壁瑞希,月村手毬,境界を超える絆,,
886,星井美希,真壁瑞希,藤田ことね,境界を超える絆,,
887,星井美希,真壁瑞希,紫雲清夏,境界を超える絆,,
888,星井美希,周防桃子,天道輝,BLOOD TYPE B,,
889,星井美希,周防桃子,桜庭薫,Summer Constellations,,
890,星井美希,周防桃子,柏木翼,境界を超える絆,,
891,星井美希,周防桃子,硲道夫,境界を超える絆,,
892,星井美希,周防桃子,櫻木真乃,境界を超える絆,,
893,星井美希,周防桃子,風野灯織,境界を超える絆,,
894,星井美希,周防桃子,八宮めぐる,境界を超える絆,,
895,星井美希,周防桃子,小宮果穂,境界を超える絆,,
896,星井美希,周防桃子,花海咲季,境界を超える絆,,
897,星井美希,周防桃子,月村手毬,境界を超える絆,,
898,星井美希,周防桃子,藤田ことね,境界を超える絆,,
899,星井美希,周防桃子,紫雲清夏,Summer Constellations,Birth of November,
900,星井美希,天道輝,桜庭薫,境界を超える絆,,
901,星井美希,天道輝,柏木翼,境界を超える絆,,
902,星井美希,天道輝,硲道夫,境界を超える絆,,
903,星井美希,桜庭薫,柏木翼,境界を超える絆,,
904,星井美希,桜庭薫,硲道夫,境界を超える絆,,
905,星井美希,柏木翼,硲道夫,境界を超える絆,,
906,星井美希,天道輝,櫻木真乃,境界を超える絆,,
907,星井美希,天道輝,風野灯織,境界を超える絆,,
908,星井美希,天道輝,八宮めぐる,境界を超える絆,,
909,星井美希,天道輝,小宮果穂,境界を超える絆,,
910,星井美希,天道輝,花海咲季,境界を超える絆,,
911,星井美希,天道輝,月村手毬,境界を超える絆,,
912,星井美希,天道輝,藤田ことね,境界を超える絆,,
913,星井美希,天道輝,紫雲清夏,境界を超える絆,,
914,星井美希,桜庭薫,櫻木真乃,境界を超える絆,,
915,星井美希,桜庭薫,風野灯織,境界を超える絆,,
916,星井美希,桜庭薫,八宮めぐる,境界を超える絆,,
917,星井美希,桜庭薫,小宮果穂,境界を超える絆,,
918,星井美希,桜庭薫,花海咲季,境界を超える絆,,
919,星井美希,桜庭薫,月村手毬,境界を超える絆,,
920,星井美希,桜庭薫,藤田ことね,境界を超える絆,,
921,星井美希,桜庭薫,紫雲清夏,Summer Constellations,,
922,星井美希,柏木翼,櫻木真乃,境界を超える絆,,
923,星井美希,柏木翼,風野灯織,境界を超える絆,,
924,星井美希,柏木翼,八宮めぐる,Dazzling Garden,,
925,星井美希,柏木翼,小宮果穂,境界を超える絆,,
926,星井美希,柏木翼,花海咲季,境界を超える絆,,
927,星井美希,柏木翼,月村手毬,境界を超える絆,,
928,星井美希,柏木翼,藤田ことね,Dazzling Garden,,
929,星井美希,柏木翼,紫雲清夏,境界を超える絆,,
930,星井美希,硲道夫,櫻木真乃,境界を超える絆,,
931,星井美希,硲道夫,風野灯織,境界を超える絆,,
932,星井美希,硲道夫,八宮めぐる,境界を超える絆,,
933,星井美希,硲道夫,小宮果穂,境界を超える絆,,
934,星井美希,硲道夫,花海咲季,境界を超える絆,,
935,星井美希,硲道夫,月村手毬,境界を超える絆,,
936,星井美希,硲道夫,藤田ことね,境界を超える絆,,
937,星井美希,硲道夫,紫雲清夏,境界を超える絆,,
938,星井美希,櫻木真乃,風野灯織,境界を超える絆,,
939,星井美希,櫻木真乃,八宮めぐる,境界を超える絆,,
940,星井美希,櫻木真乃,小宮果穂,境界を超える絆,,
941,星井美希,風野灯織,八宮めぐる,境界を超える絆,,
942,星井美希,風野灯織,小宮果穂,境界を超える絆,,
943,星井美希,八宮めぐる,小宮果穂,境界を超える絆,,
944,星井美希,櫻木真乃,花海咲季,境界を超える絆,,
945,星井美希,櫻木真乃,月村手毬,境界を超える絆,,
946,星井美希,櫻木真乃,藤田ことね,境界を超える絆,,
947,星井美希,櫻木真乃,紫雲清夏,境界を超える絆,,
948,星井美希,風野灯織,花海咲季,境界を超える絆,,
949,星井美希,風野灯織,月村手毬,境界を超える絆,,
950,星井美希,風野灯織,藤田ことね,境界を超える絆,,
951,星井美希,風野灯織,紫雲清夏,境界を超える絆,,
952,星井美希,八宮めぐる,花海咲季,境界を超える絆,,
953,星井美希,八宮めぐる,月村手毬,境界を超える絆,,
954,星井美希,八宮めぐる,藤田ことね,Dazzling Garden,,
955,星井美希,八宮めぐる,紫雲清夏,境界を超える絆,,
956,星井美希,小宮果穂,花海咲季,境界を超える絆,,
957,星井美希,小宮果穂,月村手毬,境界を超える絆,,
958,星井美希,小宮果穂,藤田ことね,境界を超える絆,,
959,星井美希,小宮果穂,紫雲清夏,境界を超える絆,,
960,星井美希,花海咲季,月村手毬,境界を超える絆,,
961,星井美希,花海咲季,藤田ことね,境界を超える絆,,
962,星井美希,花海咲季,紫雲清夏,境界を超える絆,,
963,星井美希,月村手毬,藤田ことね,境界を超える絆,,
964,星井美希,月村手毬,紫雲清夏,境界を超える絆,,
965,星井美希,藤田ことね,紫雲清夏,境界を超える絆,,
966,水瀬伊織,島村卯月,渋谷凛,境界を超える絆,,
967,水瀬伊織,島村卯月,本田未央,境界を超える絆,,
968,水瀬伊織,島村卯月,神崎蘭子,境界を超える絆,,
969,水瀬伊織,渋谷凛,本田未央,Strollers,,
970,水瀬伊織,渋谷凛,神崎蘭子,境界を超える絆,,
971,水瀬伊織,本田未央,神崎蘭子,境界を超える絆,,
972,水瀬伊織,島村卯月,春日未来,境界を超える絆,,
973,水瀬伊織,島村卯月,最上静香,境界を超える絆,,
974,水瀬伊織,島村卯月,伊吹翼,境界を超える絆,,
975,水瀬伊織,島村卯月,真壁瑞希,境界を超える絆,,
976,水瀬伊織,島村卯月,周防桃子,境界を超える絆,,
977,水瀬伊織,島村卯月,天道輝,境界を超える絆,,
978,水瀬伊織,島村卯月,桜庭薫,境界を超える絆,,
979,水瀬伊織,島村卯月,柏木翼,Winter Constellations,,
980,水瀬伊織,島村卯月,硲道夫,境界を超える絆,,
981,水瀬伊織,島村卯月,櫻木真乃,Winter Constellations,,
982,水瀬伊織,島村卯月,風野灯織,境界を超える絆,,
983,水瀬伊織,島村卯月,八宮めぐる,境界を超える絆,,
984,水瀬伊織,島村卯月,小宮果穂,境界を超える絆,,
985,水瀬伊織,島村卯月,花海咲季,境界を超える絆,,
986,水瀬伊織,島村卯月,月村手毬,Winter Constellations,,
987,水瀬伊織,島村卯月,藤田ことね,Winter Constellations,,
988,水瀬伊織,島村卯月,紫雲清夏,境界を超える絆,,
989,水瀬伊織,渋谷凛,春日未来,境界を超える絆,,
990,水瀬伊織,渋谷凛,最上静香,境界を超える絆,,
991,水瀬伊織,渋谷凛,伊吹翼,境界を超える絆,,
992,水瀬伊織,渋谷凛,真壁瑞希,境界を超える絆,,
993,水瀬伊織,渋谷凛,周防桃子,境界を超える絆,,
994,水瀬伊織,渋谷凛,天道輝,境界を超える絆,,
995,水瀬伊織,渋谷凛,桜庭薫,境界を超える絆,,
996,水瀬伊織,渋谷凛,柏木翼,Strollers,,
997,水瀬伊織,渋谷凛,硲道夫,境界を超える絆,,
998,水瀬伊織,渋谷凛,櫻木真乃,Strollers,,
999,水瀬伊織,渋谷凛,風野灯織,Strollers,,
1000,水瀬伊織,渋谷凛,八宮めぐる,境界を超える絆,,
1001,水瀬伊織,渋谷凛,小宮果穂,Dog Lover,,
1002,水瀬伊織,渋谷凛,花海咲季,境界を超える絆,,
1003,水瀬伊織,渋谷凛,月村手毬,境界を超える絆,,
1004,水瀬伊織,渋谷凛,藤田ことね,境界を超える絆,,
1005,水瀬伊織,渋谷凛,紫雲清夏,境界を超える絆,,
1006,水瀬伊織,本田未央,春日未来,境界を超える絆,,
1007,水瀬伊織,本田未央,最上静香,境界を超える絆,,
1008,水瀬伊織,本田未央,伊吹翼,境界を超える絆,,
1009,水瀬伊織,本田未央,真壁瑞希,境界を超える絆,,
1010,水瀬伊織,本田未央,周防桃子,境界を超える絆,,
1011,水瀬伊織,本田未央,天道輝,境界を超える絆,,
1012,水瀬伊織,本田未央,桜庭薫,境界を超える絆,,
1013,水瀬伊織,本田未央,柏木翼,Strollers,,
1014,水瀬伊織,本田未央,硲道夫,境界を超える絆,,
1015,水瀬伊織,本田未央,櫻木真乃,Strollers,,
1016,水瀬伊織,本田未央,風野灯織,Strollers,,
1017,水瀬伊織,本田未央,八宮めぐる,境界を超える絆,,
1018,水瀬伊織,本田未央,小宮果穂,境界を超える絆,,
1019,水瀬伊織,本田未央,花海咲季,境界を超える絆,,
1020,水瀬伊織,本田未央,月村手毬,境界を超える絆,,
1021,水瀬伊織,本田未央,藤田ことね,境界を超える絆,,
1022,水瀬伊織,本田未央,紫雲清夏,境界を超える絆,,
1023,水瀬伊織,神崎蘭子,春日未来,ジュニアハイスクールガールズ,,
1024,水瀬伊織,神崎蘭子,最上静香,ジュニアハイスクールガールズ,,
1025,水瀬伊織,神崎蘭子,伊吹翼,ジュニアハイスクールガールズ,,
1026,水瀬伊織,神崎蘭子,真壁瑞希,境界を超える絆,,
1027,水瀬伊織,神崎蘭子,周防桃子,境界を超える絆,,
1028,水瀬伊織,神崎蘭子,天道輝,境界を超える絆,,
1029,水瀬伊織,神崎蘭子,桜庭薫,境界を超える絆,,
1030,水瀬伊織,神崎蘭子,柏木翼,境界を超える絆,,
1031,水瀬伊織,神崎蘭子,硲道夫,境界を超える絆,,
1032,水瀬伊織,神崎蘭子,櫻木真乃,境界を超える絆,,
1033,水瀬伊織,神崎蘭子,風野灯織,境界を超える絆,,
1034,水瀬伊織,神崎蘭子,八宮めぐる,境界を超える絆,,
1035,水瀬伊織,神崎蘭子,小宮果穂,境界を超える絆,,
1036,水瀬伊織,神崎蘭子,花海咲季,境界を超える絆,,
1037,水瀬伊織,神崎蘭子,月村手毬,境界を超える絆,,
1038,水瀬伊織,神崎蘭子,藤田ことね,境界を超える絆,,
1039,水瀬伊織,神崎蘭子,紫雲清夏,境界を超える絆,,
1040,水瀬伊織,春日未来,最上静香,ジュニアハイスクールガールズ,,
1041,水瀬伊織,春日未来,伊吹翼,ジュニアハイスクールガールズ,,
1042,水瀬伊織,春日未来,真壁瑞希,境界を超える絆,,
1043,水瀬伊織,春日未来,周防桃子,境界を超える絆,,
1044,水瀬伊織,最上静香,伊吹翼,ジュニアハイスクールガールズ,,
1045,水瀬伊織,最上静香,真壁瑞希,境界を超える絆,,
1046,水瀬伊織,最上静香,周防桃子,境界を超える絆,,
1047,水瀬伊織,伊吹翼,真壁瑞希,境界を超える絆,,
1048,水瀬伊織,伊吹翼,周防桃子,境界を超える絆,,
1049,水瀬伊織,真壁瑞希,周防桃子,境界を超える絆,,
1050,水瀬伊織,春日未来,天道輝,境界を超える絆,,
1051,水瀬伊織,春日未来,桜庭薫,境界を超える絆,,
1052,水瀬伊織,春日未来,柏木翼,境界を超える絆,,
1053,水瀬伊織,春日未来,硲道夫,境界を超える絆,,
1054,水瀬伊織,春日未来,櫻木真乃,境界を超える絆,,
1055,水瀬伊織,春日未来,風野灯織,境界を超える絆,,
1056,水瀬伊織,春日未来,八宮めぐる,境界を超える絆,,
1057,水瀬伊織,春日未来,小宮果穂,境界を超える絆,,
1058,水瀬伊織,春日未来,花海咲季,境界を超える絆,,
1059,水瀬伊織,春日未来,月村手毬,境界を超える絆,,
1060,水瀬伊織,春日未来,藤田ことね,境界を超える絆,,
1061,水瀬伊織,春日未来,紫雲清夏,境界を超える絆,,
1062,水瀬伊織,最上静香,天道輝,境界を超える絆,,
1063,水瀬伊織,最上静香,桜庭薫,境界を超える絆,,
1064,水瀬伊織,最上静香,柏木翼,境界を超える絆,,
1065,水瀬伊織,最上静香,硲道夫,境界を超える絆,,
1066,水瀬伊織,最上静香,櫻木真乃,境界を超える絆,,
1067,水瀬伊織,最上静香,風野灯織,境界を超える絆,,
1068,水瀬伊織,最上静香,八宮めぐる,境界を超える絆,,
1069,水瀬伊織,最上静香,小宮果穂,境界を超える絆,,
1070,水瀬伊織,最上静香,花海咲季,境界を超える絆,,
1071,水瀬伊織,最上静香,月村手毬,境界を超える絆,,
1072,水瀬伊織,最上静香,藤田ことね,境界を超える絆,,
1073,水瀬伊織,最上静香,紫雲清夏,境界を超える絆,,
1074,水瀬伊織,伊吹翼,天道輝,境界を超える絆,,
1075,水瀬伊織,伊吹翼,桜庭薫,境界を超える絆,,
1076,水瀬伊織,伊吹翼,柏木翼,境界を超える絆,,
1077,水瀬伊織,伊吹翼,硲道夫,境界を超える絆,,
1078,水瀬伊織,伊吹翼,櫻木真乃,境界を超える絆,,
1079,水瀬伊織,伊吹翼,風野灯織,境界を超える絆,,
1080,水瀬伊織,伊吹翼,八宮めぐる,境界を超える絆,,
1081,水瀬伊織,伊吹翼,小宮果穂,境界を超える絆,,
1082,水瀬伊織,伊吹翼,花海咲季,境界を超える絆,,
1083,水瀬伊織,伊吹翼,月村手毬,境界を超える絆,,
1084,水瀬伊織,伊吹翼,藤田ことね,境界を超える絆,,
1085,水瀬伊織,伊吹翼,紫雲清夏,境界を超える絆,,
1086,水瀬伊織,真壁瑞希,天道輝,境界を超える絆,,
1087,水瀬伊織,真壁瑞希,桜庭薫,境界を超える絆,,
1088,水瀬伊織,真壁瑞希,柏木翼,境界を超える絆,,
1089,水瀬伊織,真壁瑞希,硲道夫,境界を超える絆,,
1090,水瀬伊織,真壁瑞希,櫻木真乃,境界を超える絆,,
1091,水瀬伊織,真壁瑞希,風野灯織,境界を超える絆,,
1092,水瀬伊織,真壁瑞希,八宮めぐる,境界を超える絆,,
1093,水瀬伊織,真壁瑞希,小宮果穂,境界を超える絆,,
1094,水瀬伊織,真壁瑞希,花海咲季,境界を超える絆,,
1095,水瀬伊織,真壁瑞希,月村手毬,境界を超える絆,,
1096,水瀬伊織,真壁瑞希,藤田ことね,境界を超える絆,,
1097,水瀬伊織,真壁瑞希,紫雲清夏,境界を超える絆,,
1098,水瀬伊織,周防桃子,天道輝,境界を超える絆,,
1099,水瀬伊織,周防桃子,桜庭薫,境界を超える絆,,
1100,水瀬伊織,周防桃子,柏木翼,境界を超える絆,,
1101,水瀬伊織,周防桃子,硲道夫,境界を超える絆,,
1102,水瀬伊織,周防桃子,櫻木真乃,境界を超える絆,,
1103,水瀬伊織,周防桃子,風野灯織,境界を超える絆,,
1104,水瀬伊織,周防桃子,八宮めぐる,境界を超える絆,,
1105,水瀬伊織,周防桃子,小宮果穂,境界を超える絆,,
1106,水瀬伊織,周防桃子,花海咲季,境界を超える絆,,
1107,水瀬伊織,周防桃子,月村手毬,境界を超える絆,,
1108,水瀬伊織,周防桃子,藤田ことね,境界を超える絆,,
1109,水瀬伊織,周防桃子,紫雲清夏,境界を超える絆,,
1110,水瀬伊織,天道輝,桜庭薫,境界を超える絆,,
1111,水瀬伊織,天道輝,柏木翼,美味しいものは正義！,,
1112,水瀬伊織,天道輝,硲道夫,境界を超える絆,,
1113,水瀬伊織,桜庭薫,柏木翼,境界を超える絆,,
1114,水瀬伊織,桜庭薫,硲道夫,境界を超える絆,,
1115,水瀬伊織,柏木翼,硲道夫,境界を超える絆,,
1116,水瀬伊織,天道輝,櫻木真乃,境界を超える絆,,
1117,水瀬伊織,天道輝,風野灯織,境界を超える絆,,
1118,水瀬伊織,天道輝,八宮めぐる,境界を超える絆,,
1119,水瀬伊織,天道輝,小宮果穂,境界を超える絆,,
1120,水瀬伊織,天道輝,花海咲季,境界を超える絆,,
1121,水瀬伊織,天道輝,月村手毬,美味しいものは正義！,,
1122,水瀬伊織,天道輝,藤田ことね,境界を超える絆,,
1123,水瀬伊織,天道輝,紫雲清夏,境界を超える絆,,
1124,水瀬伊織,桜庭薫,櫻木真乃,境界を超える絆,,
1125,水瀬伊織,桜庭薫,風野灯織,境界を超える絆,,
1126,水瀬伊織,桜庭薫,八宮めぐる,境界を超える絆,,
1127,水瀬伊織,桜庭薫,小宮果穂,境界を超える絆,,
1128,水瀬伊織,桜庭薫,花海咲季,境界を超える絆,,
1129,水瀬伊織,桜庭薫,月村手毬,境界を超える絆,,
1130,水瀬伊織,桜庭薫,藤田ことね,境界を超える絆,,
1131,水瀬伊織,桜庭薫,紫雲清夏,境界を超える絆,,
1132,水瀬伊織,柏木翼,櫻木真乃,Winter Constellations,Strollers,
1133,水瀬伊織,柏木翼,風野灯織,Strollers,,
1134,水瀬伊織,柏木翼,八宮めぐる,境界を超える絆,,
1135,水瀬伊織,柏木翼,小宮果穂,境界を超える絆,,
1136,水瀬伊織,柏木翼,花海咲季,境界を超える絆,,
1137,水瀬伊織,柏木翼,月村手毬,Winter Constellations,美味しいものは正義！,
1138,水瀬伊織,柏木翼,藤田ことね,Winter Constellations,,
1139,水瀬伊織,柏木翼,紫雲清夏,境界を超える絆,,
1140,水瀬伊織,硲道夫,櫻木真乃,境界を超える絆,,
1141,水瀬伊織,硲道夫,風野灯織,境界を超える絆,,
1142,水瀬伊織,硲道夫,八宮めぐる,境界を超える絆,,
1143,水瀬伊織,硲道夫,小宮果穂,境界を超える絆,,
1144,水瀬伊織,硲道夫,花海咲季,境界を超える絆,,
1145,水瀬伊織,硲道夫,月村手毬,BLOOD TYPE AB,,
1146,水瀬伊織,硲道夫,藤田ことね,境界を超える絆,,
1147,水瀬伊織,硲道夫,紫雲清夏,境界を超える絆,,
1148,水瀬伊織,櫻木真乃,風野灯織,Strollers,,
1149,水瀬伊織,櫻木真乃,八宮めぐる,境界を超える絆,,
1150,水瀬伊織,櫻木真乃,小宮果穂,境界を超える絆,,
1151,水瀬伊織,風野灯織,八宮めぐる,境界を超える絆,,
1152,水瀬伊織,風野灯織,小宮果穂,境界を超える絆,,
1153,水瀬伊織,八宮めぐる,小宮果穂,境界を超える絆,,
1154,水瀬伊織,櫻木真乃,花海咲季,境界を超える絆,,
1155,水瀬伊織,櫻木真乃,月村手毬,Winter Constellations,,
1156,水瀬伊織,櫻木真乃,藤田ことね,Winter Constellations,,
1157,水瀬伊織,櫻木真乃,紫雲清夏,境界を超える絆,,
1158,水瀬伊織,風野灯織,花海咲季,境界を超える絆,,
1159,水瀬伊織,風野灯織,月村手毬,境界を超える絆,,
1160,水瀬伊織,風野灯織,藤田ことね,境界を超える絆,,
1161,水瀬伊織,風野灯織,紫雲清夏,境界を超える絆,,
1162,水瀬伊織,八宮めぐる,花海咲季,境界を超える絆,,
1163,水瀬伊織,八宮めぐる,月村手毬,境界を超える絆,,
1164,水瀬伊織,八宮めぐる,藤田ことね,境界を超える絆,,
1165,水瀬伊織,八宮めぐる,紫雲清夏,境界を超える絆,,
1166,水瀬伊織,小宮果穂,花海咲季,境界を超える絆,,
1167,水瀬伊織,小宮果穂,月村手毬,境界を超える絆,,
1168,水瀬伊織,小宮果穂,藤田ことね,境界を超える絆,,
1169,水瀬伊織,小宮果穂,紫雲清夏,境界を超える絆,,
1170,水瀬伊織,花海咲季,月村手毬,境界を超える絆,,
1171,水瀬伊織,花海咲季,藤田ことね,境界を超える絆,,
1172,水瀬伊織,花海咲季,紫雲清夏,境界を超える絆,,
1173,水瀬伊織,月村手毬,藤田ことね,Winter Constellations,,
1174,水瀬伊織,月村手毬,紫雲清夏,境界を超える絆,,
1175,水瀬伊織,藤田ことね,紫雲清夏,境界を超える絆,,
1176,萩原雪歩,島村卯月,渋谷凛,ハイスクールガールズ,,
1177,萩原雪歩,島村卯月,本田未央,ハイスクールガールズ,,
1178,萩原雪歩,島村卯月,神崎蘭子,境界を超える絆,,
1179,萩原雪歩,渋谷凛,本田未央,ハイスクールガールズ,,
1180,萩原雪歩,渋谷凛,神崎蘭子,境界を超える絆,,
1181,萩原雪歩,本田未央,神崎蘭子,境界を超える絆,,
1182,萩原雪歩,島村卯月,春日未来,境界を超える絆,,
1183,萩原雪歩,島村卯月,最上静香,境界を超える絆,,
1184,萩原雪歩,島村卯月,伊吹翼,境界を超える絆,,
1185,萩原雪歩,島村卯月,真壁瑞希,ハイスクールガールズ,,
1186,萩原雪歩,島村卯月,周防桃子,境界を超える絆,,
1187,萩原雪歩,島村卯月,天道輝,境界を超える絆,,
1188,萩原雪歩,島村卯月,桜庭薫,境界を超える絆,,
1189,萩原雪歩,島村卯月,柏木翼,境界を超える絆,,
1190,萩原雪歩,島村卯月,硲道夫,境界を超える絆,,
1191,萩原雪歩,島村卯月,櫻木真乃,ハイスクールガールズ,,
1192,萩原雪歩,島村卯月,風野灯織,ハイスクールガールズ,,
1193,萩原雪歩,島村卯月,八宮めぐる,ハイスクールガールズ,,
1194,萩原雪歩,島村卯月,小宮果穂,境界を超える絆,,
1195,萩原雪歩,島村卯月,花海咲季,ハイスクールガールズ,,
1196,萩原雪歩,島村卯月,月村手毬,ハイスクールガールズ,,
1197,萩原雪歩,島村卯月,藤田ことね,ハイスクールガールズ,,
1198,萩原雪歩,島村卯月,紫雲清夏,ハイスクールガールズ,,
1199,萩原雪歩,渋谷凛,春日未来,境界を超える絆,,
1200,萩原雪歩,渋谷凛,最上静香,境界を超える絆,,
1201,萩原雪歩,渋谷凛,伊吹翼,境界を超える絆,,
1202,萩原雪歩,渋谷凛,真壁瑞希,ハイスクールガールズ,,
1203,萩原雪歩,渋谷凛,周防桃子,境界を超える絆,,
1204,萩原雪歩,渋谷凛,天道輝,境界を超える絆,,
1205,萩原雪歩,渋谷凛,桜庭薫,境界を超える絆,,
1206,萩原雪歩,渋谷凛,柏木翼,境界を超える絆,,
1207,萩原雪歩,渋谷凛,硲道夫,境界を超える絆,,
1208,萩原雪歩,渋谷凛,櫻木真乃,ハイスクールガールズ,,
1209,萩原雪歩,渋谷凛,風野灯織,ハイスクールガールズ,,
1210,萩原雪歩,渋谷凛,八宮めぐる,ハイスクールガールズ,,
1211,萩原雪歩,渋谷凛,小宮果穂,境界を超える絆,,
1212,萩原雪歩,渋谷凛,花海咲季,ハイスクールガールズ,,
1213,萩原雪歩,渋谷凛,月村手毬,ハイスクールガールズ,,
1214,萩原雪歩,渋谷凛,藤田ことね,ハイスクールガールズ,,
1215,萩原雪歩,渋谷凛,紫雲清夏,ハイスクールガールズ,,
1216,萩原雪歩,本田未央,春日未来,境界を超える絆,,
1217,萩原雪歩,本田未央,最上静香,境界を超える絆,,
1218,萩原雪歩,本田未央,伊吹翼,境界を超える絆,,
1219,萩原雪歩,本田未央,真壁瑞希,ハイスクールガールズ,,
1220,萩原雪歩,本田未央,周防桃子,境界を超える絆,,
1221,萩原雪歩,本田未央,天道輝,境界を超える絆,,
1222,萩原雪歩,本田未央,桜庭薫,境界を超える絆,,
1223,萩原雪歩,本田未央,柏木翼,境界を超える絆,,
1224,萩原雪歩,本田未央,硲道夫,境界を超える絆,,
1225,萩原雪歩,本田未央,櫻木真乃,ハイスクールガールズ,,
1226,萩原雪歩,本田未央,風野灯織,ハイスクールガールズ,,
1227,萩原雪歩,本田未央,八宮めぐる,ハイスクールガールズ,,
1228,萩原雪歩,本田未央,小宮果穂,境界を超える絆,,
1229,萩原雪歩,本田未央,花海咲季,ハイスクールガールズ,,
1230,萩原雪歩,本田未央,月村手毬,ハイスクールガールズ,,
1231,萩原雪歩,本田未央,藤田ことね,ハイスクールガールズ,,
1232,萩原雪歩,本田未央,紫雲清夏,ハイスクールガールズ,,
1233,萩原雪歩,神崎蘭子,春日未来,境界を超える絆,,
1234,萩原雪歩,神崎蘭子,最上静香,BLOOD TYPE A,,
1235,萩原雪歩,神崎蘭子,伊吹翼,境界を超える絆,,
1236,萩原雪歩,神崎蘭子,真壁瑞希,Autumn Constellations,,
1237,萩原雪歩,神崎蘭子,周防桃子,百花繚乱,,
1238,萩原雪歩,神崎蘭子,天道輝,Autumn Constellations,,
1239,萩原雪歩,神崎蘭子,桜庭薫,BLOOD TYPE A,百花繚乱,
1240,萩原雪歩,神崎蘭子,柏木翼,百花繚乱,,
1241,萩原雪歩,神崎蘭子,硲道夫,Autumn Constellations,,
1242,萩原雪歩,神崎蘭子,櫻木真乃,BLOOD TYPE A,百花繚乱,
1243,萩原雪歩,神崎蘭子,風野灯織,BLOOD TYPE A,Autumn Constellations,
1244,萩原雪歩,神崎蘭子,八宮めぐる,境界を超える絆,,
1245,萩原雪歩,神崎蘭子,小宮果穂,BLOOD TYPE A,,
1246,萩原雪歩,神崎蘭子,花海咲季,BLOOD TYPE A,Autumn Constellations,百花繚乱
1247,萩原雪歩,神崎蘭子,月村手毬,境界を超える絆,,
1248,萩原雪歩,神崎蘭子,藤田ことね,百花繚乱,,
1249,萩原雪歩,神崎蘭子,紫雲清夏,境界を超える絆,,
1250,萩原雪歩,春日未来,最上静香,境界を超える絆,,
1251,萩原雪歩,春日未来,伊吹翼,境界を超える絆,,
1252,萩原雪歩,春日未来,真壁瑞希,境界を超える絆,,
1253,萩原雪歩,春日未来,周防桃子,境界を超える絆,,
1254,萩原雪歩,最上静香,伊吹翼,境界を超える絆,,
1255,萩原雪歩,最上静香,真壁瑞希,境界を超える絆,,
1256,萩原雪歩,最上静香,周防桃子,境界を超える絆,,
1257,萩原雪歩,伊吹翼,真壁瑞希,境界を超える絆,,
1258,萩原雪歩,伊吹翼,周防桃子,境界を超える絆,,
1259,萩原雪歩,真壁瑞希,周防桃子,境界を超える絆,,
1260,萩原雪歩,春日未来,天道輝,境界を超える絆,,
1261,萩原雪歩,春日未来,桜庭薫,境界を超える絆,,
1262,萩原雪歩,春日未来,柏木翼,境界を超える絆,,
1263,萩原雪歩,春日未来,硲道夫,境界を超える絆,,
1264,萩原雪歩,春日未来,櫻木真乃,境界を超える絆,,
1265,萩原雪歩,春日未来,風野灯織,境界を超える絆,,
1266,萩原雪歩,春日未来,八宮めぐる,境界を超える絆,,
1267,萩原雪歩,春日未来,小宮果穂,境界を超える絆,,
1268,萩原雪歩,春日未来,花海咲季,境界を超える絆,,
1269,萩原雪歩,春日未来,月村手毬,境界を超える絆,,
1270,萩原雪歩,春日未来,藤田ことね,境界を超える絆,,
1271,萩原雪歩,春日未来,紫雲清夏,境界を超える絆,,
1272,萩原雪歩,最上静香,天道輝,境界を超える絆,,
1273,萩原雪歩,最上静香,桜庭薫,BLOOD TYPE A,,
1274,萩原雪歩,最上静香,柏木翼,境界を超える絆,,
1275,萩原雪歩,最上静香,硲道夫,境界を超える絆,,
1276,萩原雪歩,最上静香,櫻木真乃,BLOOD TYPE A,,
1277,萩原雪歩,最上静香,風野灯織,BLOOD TYPE A,,
1278,萩原雪歩,最上静香,八宮めぐる,境界を超える絆,,
1279,萩原雪歩,最上静香,小宮果穂,BLOOD TYPE A,,
1280,萩原雪歩,最上静香,花海咲季,BLOOD TYPE A,,
1281,萩原雪歩,最上静香,月村手毬,境界を超える絆,,
1282,萩原雪歩,最上静香,藤田ことね,境界を超える絆,,
1283,萩原雪歩,最上静香,紫雲清夏,境界を超える絆,,
1284,萩原雪歩,伊吹翼,天道輝,境界を超える絆,,
1285,萩原雪歩,伊吹翼,桜庭薫,境界を超える絆,,
1286,萩原雪歩,伊吹翼,柏木翼,境界を超える絆,,
1287,萩原雪歩,伊吹翼,硲道夫,境界を超える絆,,
1288,萩原雪歩,伊吹翼,櫻木真乃,境界を超える絆,,
1289,萩原雪歩,伊吹翼,風野灯織,境界を超える絆,,
1290,萩原雪歩,伊吹翼,八宮めぐる,境界を超える絆,,
1291,萩原雪歩,伊吹翼,小宮果穂,境界を超える絆,,
1292,萩原雪歩,伊吹翼,花海咲季,境界を超える絆,,
1293,萩原雪歩,伊吹翼,月村手毬,境界を超える絆,,
1294,萩原雪歩,伊吹翼,藤田ことね,境界を超える絆,,
1295,萩原雪歩,伊吹翼,紫雲清夏,境界を超える絆,,
1296,萩原雪歩,真壁瑞希,天道輝,Autumn Constellations,,
1297,萩原雪歩,真壁瑞希,桜庭薫,境界を超える絆,,
1298,萩原雪歩,真壁瑞希,柏木翼,境界を超える絆,,
1299,萩原雪歩,真壁瑞希,硲道夫,Autumn Constellations,,
1300,萩原雪歩,真壁瑞希,櫻木真乃,ハイスクールガールズ,,
1301,萩原雪歩,真壁瑞希,風野灯織,ハイスクールガールズ,Autumn Constellations,
1302,萩原雪歩,真壁瑞希,八宮めぐる,ハイスクールガールズ,,
1303,萩原雪歩,真壁瑞希,小宮果穂,境界を超える絆,,
1304,萩原雪歩,真壁瑞希,花海咲季,ハイスクールガールズ,Autumn Constellations,
1305,萩原雪歩,真壁瑞希,月村手毬,ハイスクールガールズ,,
1306,萩原雪歩,真壁瑞希,藤田ことね,ハイスクールガールズ,,
1307,萩原雪歩,真壁瑞希,紫雲清夏,ハイスクールガールズ,,
1308,萩原雪歩,周防桃子,天道輝,境界を超える絆,,
1309,萩原雪歩,周防桃子,桜庭薫,百花繚乱,,
1310,萩原雪歩,周防桃子,柏木翼,百花繚乱,,
1311,萩原雪歩,周防桃子,硲道夫,境界を超える絆,,
1312,萩原雪歩,周防桃子,櫻木真乃,百花繚乱,,
1313,萩原雪歩,周防桃子,風野灯織,境界を超える絆,,
1314,萩原雪歩,周防桃子,八宮めぐる,境界を超える絆,,
1315,萩原雪歩,周防桃子,小宮果穂,境界を超える絆,,
1316,萩原雪歩,周防桃子,花海咲季,百花繚乱,,
1317,萩原雪歩,周防桃子,月村手毬,境界を超える絆,,
1318,萩原雪歩,周防桃子,藤田ことね,百花繚乱,,
1319,萩原雪歩,周防桃子,紫雲清夏,境界を超える絆,,
1320,萩原雪歩,天道輝,桜庭薫,境界を超える絆,,
1321,萩原雪歩,天道輝,柏木翼,境界を超える絆,,
1322,萩原雪歩,天道輝,硲道夫,Autumn Constellations,,
1323,萩原雪歩,桜庭薫,柏木翼,百花繚乱,,
1324,萩原雪歩,桜庭薫,硲道夫,境界を超える絆,,
1325,萩原雪歩,柏木翼,硲道夫,境界を超える絆,,
1326,萩原雪歩,天道輝,櫻木真乃,境界を超える絆,,
1327,萩原雪歩,天道輝,風野灯織,Autumn Constellations,,
1328,萩原雪歩,天道輝,八宮めぐる,境界を超える絆,,
1329,萩原雪歩,天道輝,小宮果穂,境界を超える絆,,
1330,萩原雪歩,天道輝,花海咲季,Autumn Constellations,,
1331,萩原雪歩,天道輝,月村手毬,境界を超える絆,,
1332,萩原雪歩,天道輝,藤田ことね,境界を超える絆,,
1333,萩原雪歩,天道輝,紫雲清夏,境界を超える絆,,
1334,萩原雪歩,桜庭薫,櫻木真乃,BLOOD TYPE A,百花繚乱,
1335,萩原雪歩,桜庭薫,風野灯織,BLOOD TYPE A,,
1336,萩原雪歩,桜庭薫,八宮めぐる,境界を超える絆,,
1337,萩原雪歩,桜庭薫,小宮果穂,BLOOD TYPE A,,
1338,萩原雪歩,桜庭薫,花海咲季,BLOOD TYPE A,百花繚乱,
1339,萩原雪歩,桜庭薫,月村手毬,境界を超える絆,,
1340,萩原雪歩,桜庭薫,藤田ことね,百花繚乱,,
1341,萩原雪歩,桜庭薫,紫雲清夏,境界を超える絆,,
1342,萩原雪歩,柏木翼,櫻木真乃,百花繚乱,,
1343,萩原雪歩,柏木翼,風野灯織,境界を超える絆,,
1344,萩原雪歩,柏木翼,八宮めぐる,境界を超える絆,,
1345,萩原雪歩,柏木翼,小宮果穂,境界を超える絆,,
1346,萩原雪歩,柏木翼,花海咲季,百花繚乱,,
1347,萩原雪歩,柏木翼,月村手毬,境界を超える絆,,
1348,萩原雪歩,柏木翼,藤田ことね,百花繚乱,,
1349,萩原雪歩,柏木翼,紫雲清夏,境界を超える絆,,
1350,萩原雪歩,硲道夫,櫻木真乃,境界を超える絆,,
1351,萩原雪歩,硲道夫,風野灯織,Autumn Constellations,,
1352,萩原雪歩,硲道夫,八宮めぐる,境界を超える絆,,
1353,萩原雪歩,硲道夫,小宮果穂,境界を超える絆,,
1354,萩原雪歩,硲道夫,花海咲季,Autumn Constellations,,
1355,萩原雪歩,硲道夫,月村手毬,境界を超える絆,,
1356,萩原雪歩,硲道夫,藤田ことね,境界を超える絆,,
1357,萩原雪歩,硲道夫,紫雲清夏,境界を超える絆,,
1358,萩原雪歩,櫻木真乃,風野灯織,ハイスクールガールズ,BLOOD TYPE A,
1359,萩原雪歩,櫻木真乃,八宮めぐる,ハイスクールガールズ,,
1360,萩原雪歩,櫻木真乃,小宮果穂,BLOOD TYPE A,,
1361,萩原雪歩,風野灯織,八宮めぐる,ハイスクールガールズ,,
1362,萩原雪歩,風野灯織,小宮果穂,BLOOD TYPE A,,
1363,萩原雪歩,八宮めぐる,小宮果穂,境界を超える絆,,
1364,萩原雪歩,櫻木真乃,花海咲季,ハイスクールガールズ,BLOOD TYPE A,百花繚乱
1365,萩原雪歩,櫻木真乃,月村手毬,ハイスクールガールズ,,
1366,萩原雪歩,櫻木真乃,藤田ことね,ハイスクールガールズ,百花繚乱,
1367,萩原雪歩,櫻木真乃,紫雲清夏,ハイスクールガールズ,,
1368,萩原雪歩,風野灯織,花海咲季,ハイスクールガールズ,BLOOD TYPE A,Autumn Constellations
1369,萩原雪歩,風野灯織,月村手毬,ハイスクールガールズ,,
1370,萩原雪歩,風野灯織,藤田ことね,ハイスクールガールズ,,
1371,萩原雪歩,風野灯織,紫雲清夏,ハイスクールガールズ,,
1372,萩原雪歩,八宮めぐる,花海咲季,ハイスクールガールズ,,
1373,萩原雪歩,八宮めぐる,月村手毬,ハイスクールガールズ,,
1374,萩原雪歩,八宮めぐる,藤田ことね,ハイスクールガールズ,,
1375,萩原雪歩,八宮めぐる,紫雲清夏,ハイスクールガールズ,,
1376,萩原雪歩,小宮果穂,花海咲季,BLOOD TYPE A,,
1377,萩原雪歩,小宮果穂,月村手毬,境界を超える絆,,
1378,萩原雪歩,小宮果穂,藤田ことね,境界を超える絆,,
1379,萩原雪歩,小宮果穂,紫雲清夏,境界を超える絆,,
1380,萩原雪歩,花海咲季,月村手毬,ハイスクールガールズ,,
1381,萩原雪歩,花海咲季,藤田ことね,ハイスクールガールズ,百花繚乱,
1382,萩原雪歩,花海咲季,紫雲清夏,ハイスクールガールズ,,
1383,萩原雪歩,月村手毬,藤田ことね,ハイスクールガールズ,,
1384,萩原雪歩,月村手毬,紫雲清夏,ハイスクールガールズ,,
1385,萩原雪歩,藤田ことね,紫雲清夏,ハイスクールガールズ,,
1386,菊地真,島村卯月,渋谷凛,ハイスクールガールズ,,
1387,菊地真,島村卯月,本田未央,ハイスクールガールズ,,
1388,菊地真,島村卯月,神崎蘭子,境界を超える絆,,
1389,菊地真,渋谷凛,本田未央,ハイスクールガールズ,,
1390,菊地真,渋谷凛,神崎蘭子,境界を超える絆,,
1391,菊地真,本田未央,神崎蘭子,境界を超える絆,,
1392,菊地真,島村卯月,春日未来,BLOOD TYPE O,,
1393,菊地真,島村卯月,最上静香,境界を超える絆,,
1394,菊地真,島村卯月,伊吹翼,境界を超える絆,,
1395,菊地真,島村卯月,真壁瑞希,ハイスクールガールズ,,
1396,菊地真,島村卯月,周防桃子,境界を超える絆,,
1397,菊地真,島村卯月,天道輝,境界を超える絆,,
1398,菊地真,島村卯月,桜庭薫,境界を超える絆,,
1399,菊地真,島村卯月,柏木翼,BLOOD TYPE O,,
1400,菊地真,島村卯月,硲道夫,境界を超える絆,,
1401,菊地真,島村卯月,櫻木真乃,ハイスクールガールズ,,
1402,菊地真,島村卯月,風野灯織,ハイスクールガールズ,,
1403,菊地真,島村卯月,八宮めぐる,ハイスクールガールズ,BLOOD TYPE O,
1404,菊地真,島村卯月,小宮果穂,境界を超える絆,,
1405,菊地真,島村卯月,花海咲季,ハイスクールガールズ,,
1406,菊地真,島村卯月,月村手毬,ハイスクールガールズ,,
1407,菊地真,島村卯月,藤田ことね,ハイスクールガールズ,BLOOD TYPE O,
1408,菊地真,島村卯月,紫雲清夏,ハイスクールガールズ,BLOOD TYPE O,
1409,菊地真,渋谷凛,春日未来,Spring Constellations,,
1410,菊地真,渋谷凛,最上静香,Spring Constellations,,
1411,菊地真,渋谷凛,伊吹翼,Spring Constellations,,
1412,菊地真,渋谷凛,真壁瑞希,ハイスクールガールズ,,
1413,菊地真,渋谷凛,周防桃子,境界を超える絆,,
1414,菊地真,渋谷凛,天道輝,境界を超える絆,,
1415,菊地真,渋谷凛,桜庭薫,境界を超える絆,,
1416,菊地真,渋谷凛,柏木翼,境界を超える絆,,
1417,菊地真,渋谷凛,硲道夫,境界を超える絆,,
1418,菊地真,渋谷凛,櫻木真乃,ハイスクールガールズ,,
1419,菊地真,渋谷凛,風野灯織,ハイスクールガールズ,,
1420,菊地真,渋谷凛,八宮めぐる,ハイスクールガールズ,Spring Constellations,
1421,菊地真,渋谷凛,小宮果穂,Spring Constellations,,
1422,菊地真,渋谷凛,花海咲季,ハイスクールガールズ,,
1423,菊地真,渋谷凛,月村手毬,ハイスクールガールズ,,
1424,菊地真,渋谷凛,藤田ことね,ハイスクールガールズ,,
1425,菊地真,渋谷凛,紫雲清夏,ハイスクールガールズ,,
1426,菊地真,本田未央,春日未来,境界を超える絆,,
1427,菊地真,本田未央,最上静香,境界を超える絆,,
1428,菊地真,本田未央,伊吹翼,境界を超える絆,,
1429,菊地真,本田未央,真壁瑞希,ハイスクールガールズ,,
1430,菊地真,本田未央,周防桃子,境界を超える絆,,
1431,菊地真,本田未央,天道輝,境界を超える絆,,
1432,菊地真,本田未央,桜庭薫,境界を超える絆,,
1433,菊地真,本田未央,柏木翼,境界を超える絆,,
1434,菊地真,本田未央,硲道夫,境界を超える絆,,
1435,菊地真,本田未央,櫻木真乃,ハイスクールガールズ,,
1436,菊地真,本田未央,風野灯織,ハイスクールガールズ,,
1437,菊地真,本田未央,八宮めぐる,ハイスクールガールズ,,
1438,菊地真,本田未央,小宮果穂,境界を超える絆,,
1439,菊地真,本田未央,花海咲季,ハイスクールガールズ,,
1440,菊地真,本田未央,月村手毬,ハイスクールガールズ,,
1441,菊地真,本田未央,藤田ことね,ハイスクールガールズ,,
1442,菊地真,本田未央,紫雲清夏,ハイスクールガールズ,,
1443,菊地真,神崎蘭子,春日未来,境界を超える絆,,
1444,菊地真,神崎蘭子,最上静香,境界を超える絆,,
1445,菊地真,神崎蘭子,伊吹翼,境界を超える絆,,
1446,菊地真,神崎蘭子,真壁瑞希,境界を超える絆,,
1447,菊地真,神崎蘭子,周防桃子,百花繚乱,,
1448,菊地真,神崎蘭子,天道輝,境界を超える絆,,
1449,菊地真,神崎蘭子,桜庭薫,百花繚乱,,
1450,菊地真,神崎蘭子,柏木翼,百花繚乱,,
1451,菊地真,神崎蘭子,硲道夫,境界を超える絆,,
1452,菊地真,神崎蘭子,櫻木真乃,百花繚乱,,
1453,菊地真,神崎蘭子,風野灯織,境界を超える絆,,
1454,菊地真,神崎蘭子,八宮めぐる,境界を超える絆,,
1455,菊地真,神崎蘭子,小宮果穂,境界を超える絆,,
1456,菊地真,神崎蘭子,花海咲季,百花繚乱,,
1457,菊地真,神崎蘭子,月村手毬,境界を超える絆,,
1458,菊地真,神崎蘭子,藤田ことね,百花繚乱,,
1459,菊地真,神崎蘭子,紫雲清夏,境界を超える絆,,
1460,菊地真,春日未来,最上静香,Spring Constellations,,
1461,菊地真,春日未来,伊吹翼,Spring Constellations,,
1462,菊地真,春日未来,真壁瑞希,境界を超える絆,,
1463,菊地真,春日未来,周防桃子,境界を超える絆,,
1464,菊地真,最上静香,伊吹翼,Spring Constellations,,
1465,菊地真,最上静香,真壁瑞希,境界を超える絆,,
1466,菊地真,最上静香,周防桃子,境界を超える絆,,
1467,菊地真,伊吹翼,真壁瑞希,境界を超える絆,,
1468,菊地真,伊吹翼,周防桃子,境界を超える絆,,
1469,菊地真,真壁瑞希,周防桃子,境界を超える絆,,
1470,菊地真,春日未来,天道輝,境界を超える絆,,
1471,菊地真,春日未来,桜庭薫,境界を超える絆,,
1472,菊地真,春日未来,柏木翼,BLOOD TYPE O,,
1473,菊地真,春日未来,硲道夫,境界を超える絆,,
1474,菊地真,春日未来,櫻木真乃,境界を超える絆,,
1475,菊地真,春日未来,風野灯織,境界を超える絆,,
1476,菊地真,春日未来,八宮めぐる,BLOOD TYPE O,Spring Constellations,
1477,菊地真,春日未来,小宮果穂,Spring Constellations,,
1478,菊地真,春日未来,花海咲季,境界を超える絆,,
1479,菊地真,春日未来,月村手毬,境界を超える絆,,
1480,菊地真,春日未来,藤田ことね,BLOOD TYPE O,,
1481,菊地真,春日未来,紫雲清夏,BLOOD TYPE O,,
1482,菊地真,最上静香,天道輝,境界を超える絆,,
1483,菊地真,最上静香,桜庭薫,境界を超える絆,,
1484,菊地真,最上静香,柏木翼,境界を超える絆,,
1485,菊地真,最上静香,硲道夫,境界を超える絆,,
1486,菊地真,最上静香,櫻木真乃,境界を超える絆,,
1487,菊地真,最上静香,風野灯織,境界を超える絆,,
1488,菊地真,最上静香,八宮めぐる,Spring Constellations,,
1489,菊地真,最上静香,小宮果穂,Spring Constellations,,
1490,菊地真,最上静香,花海咲季,境界を超える絆,,
1491,菊地真,最上静香,月村手毬,境界を超える絆,,
1492,菊地真,最上静香,藤田ことね,境界を超える絆,,
1493,菊地真,最上静香,紫雲清夏,境界を超える絆,,
1494,菊地真,伊吹翼,天道輝,境界を超える絆,,
1495,菊地真,伊吹翼,桜庭薫,境界を超える絆,,
1496,菊地真,伊吹翼,柏木翼,境界を超える絆,,
1497,菊地真,伊吹翼,硲道夫,境界を超える絆,,
1498,菊地真,伊吹翼,櫻木真乃,境界を超える絆,,
1499,菊地真,伊吹翼,風野灯織,境界を超える絆,,
1500,菊地真,伊吹翼,八宮めぐる,Spring Constellations,,
1501,菊地真,伊吹翼,小宮果穂,Spring Constellations,,
1502,菊地真,伊吹翼,花海咲季,境界を超える絆,,
1503,菊地真,伊吹翼,月村手毬,境界を超える絆,,
1504,菊地真,伊吹翼,藤田ことね,境界を超える絆,,
1505,菊地真,伊吹翼,紫雲清夏,境界を超える絆,,
1506,菊地真,真壁瑞希,天道輝,境界を超える絆,,
1507,菊地真,真壁瑞希,桜庭薫,境界を超える絆,,
1508,菊地真,真壁瑞希,柏木翼,境界を超える絆,,
1509,菊地真,真壁瑞希,硲道夫,境界を超える絆,,
1510,菊地真,真壁瑞希,櫻木真乃,ハイスクールガールズ,,
1511,菊地真,真壁瑞希,風野灯織,ハイスクールガールズ,,
1512,菊地真,真壁瑞希,八宮めぐる,ハイスクールガールズ,,
1513,菊地真,真壁瑞希,小宮果穂,境界を超える絆,,
1514,菊地真,真壁瑞希,花海咲季,ハイスクールガールズ,,
1515,菊地真,真壁瑞希,月村手毬,ハイスクールガールズ,,
1516,菊地真,真壁瑞希,藤田ことね,ハイスクールガールズ,,
1517,菊地真,真壁瑞希,紫雲清夏,ハイスクールガールズ,,
1518,菊地真,周防桃子,天道輝,境界を超える絆,,
1519,菊地真,周防桃子,桜庭薫,百花繚乱,,
1520,菊地真,周防桃子,柏木翼,百花繚乱,,
1521,菊地真,周防桃子,硲道夫,境界を超える絆,,
1522,菊地真,周防桃子,櫻木真乃,百花繚乱,,
1523,菊地真,周防桃子,風野灯織,境界を超える絆,,
1524,菊地真,周防桃子,八宮めぐる,境界を超える絆,,
1525,菊地真,周防桃子,小宮果穂,境界を超える絆,,
1526,菊地真,周防桃子,花海咲季,百花繚乱,,
1527,菊地真,周防桃子,月村手毬,境界を超える絆,,
1528,菊地真,周防桃子,藤田ことね,百花繚乱,,
1529,菊地真,周防桃子,紫雲清夏,境界を超える絆,,
1530,菊地真,天道輝,桜庭薫,境界を超える絆,,
1531,菊地真,天道輝,柏木翼,境界を超える絆,,
1532,菊地真,天道輝,硲道夫,境界を超える絆,,
1533,菊地真,桜庭薫,柏木翼,百花繚乱,,
1534,菊地真,桜庭薫,硲道夫,境界を超える絆,,
1535,菊地真,柏木翼,硲道夫,境界を超える絆,,
1536,菊地真,天道輝,櫻木真乃,境界を超える絆,,
1537,菊地真,天道輝,風野灯織,境界を超える絆,,
1538,菊地真,天道輝,八宮めぐる,境界を超える絆,,
1539,菊地真,天道輝,小宮果穂,境界を超える絆,,
1540,菊地真,天道輝,花海咲季,境界を超える絆,,
1541,菊地真,天道輝,月村手毬,境界を超える絆,,
1542,菊地真,天道輝,藤田ことね,境界を超える絆,,
1543,菊地真,天道輝,紫雲清夏,境界を超える絆,,
1544,菊地真,桜庭薫,櫻木真乃,百花繚乱,,
1545,菊地真,桜庭薫,風野灯織,境界を超える絆,,
1546,菊地真,桜庭薫,八宮めぐる,境界を超える絆,,
1547,菊地真,桜庭薫,小宮果穂,境界を超える絆,,
1548,菊地真,桜庭薫,花海咲季,百花繚乱,,
1549,菊地真,桜庭薫,月村手毬,境界を超える絆,,
1550,菊地真,桜庭薫,藤田ことね,百花繚乱,,
1551,菊地真,桜庭薫,紫雲清夏,境界を超える絆,,
1552,菊地真,柏木翼,櫻木真乃,百花繚乱,,
1553,菊地真,柏木翼,風野灯織,境界を超える絆,,
1554,菊地真,柏木翼,八宮めぐる,BLOOD TYPE O,,
1555,菊地真,柏木翼,小宮果穂,境界を超える絆,,
1556,菊地真,柏木翼,花海咲季,百花繚乱,,
1557,菊地真,柏木翼,月村手毬,境界を超える絆,,
1558,菊地真,柏木翼,藤田ことね,BLOOD TYPE O,百花繚乱,
1559,菊地真,柏木翼,紫雲清夏,BLOOD TYPE O,,
1560,菊地真,硲道夫,櫻木真乃,境界を超える絆,,
1561,菊地真,硲道夫,風野灯織,境界を超える絆,,
1562,菊地真,硲道夫,八宮めぐる,境界を超える絆,,
1563,菊地真,硲道夫,小宮果穂,境界を超える絆,,
1564,菊地真,硲道夫,花海咲季,境界を超える絆,,
1565,菊地真,硲道夫,月村手毬,境界を超える絆,,
1566,菊地真,硲道夫,藤田ことね,境界を超える絆,,
1567,菊地真,硲道夫,紫雲清夏,境界を超える絆,,
1568,菊地真,櫻木真乃,風野灯織,ハイスクールガールズ,,
1569,菊地真,櫻木真乃,八宮めぐる,ハイスクールガールズ,,
1570,菊地真,櫻木真乃,小宮果穂,境界を超える絆,,
1571,菊地真,風野灯織,八宮めぐる,ハイスクールガールズ,,
1572,菊地真,風野灯織,小宮果穂,境界を超える絆,,
1573,菊地真,八宮めぐる,小宮果穂,Spring Constellations,,
1574,菊地真,櫻木真乃,花海咲季,ハイスクールガールズ,百花繚乱,
1575,菊地真,櫻木真乃,月村手毬,ハイスクールガールズ,,
1576,菊地真,櫻木真乃,藤田ことね,ハイスクールガールズ,百花繚乱,
1577,菊地真,櫻木真乃,紫雲清夏,ハイスクールガールズ,,
1578,菊地真,風野灯織,花海咲季,ハイスクールガールズ,,
1579,菊地真,風野灯織,月村手毬,ハイスクールガールズ,,
1580,菊地真,風野灯織,藤田ことね,ハイスクールガールズ,,
1581,菊地真,風野灯織,紫雲清夏,ハイスクールガールズ,,
1582,菊地真,八宮めぐる,花海咲季,ハイスクールガールズ,,
1583,菊地真,八宮めぐる,月村手毬,ハイスクールガールズ,,
1584,菊地真,八宮めぐる,藤田ことね,ハイスクールガールズ,BLOOD TYPE O,
1585,菊地真,八宮めぐる,紫雲清夏,ハイスクールガールズ,BLOOD TYPE O,
1586,菊地真,小宮果穂,花海咲季,境界を超える絆,,
1587,菊地真,小宮果穂,月村手毬,境界を超える絆,,
1588,菊地真,小宮果穂,藤田ことね,境界を超える絆,,
1589,菊地真,小宮果穂,紫雲清夏,境界を超える絆,,
1590,菊地真,花海咲季,月村手毬,ハイスクールガールズ,,
1591,菊地真,花海咲季,藤田ことね,ハイスクールガールズ,百花繚乱,
1592,菊地真,花海咲季,紫雲清夏,ハイスクールガールズ,,
1593,菊地真,月村手毬,藤田ことね,ハイスクールガールズ,,
1594,菊地真,月村手毬,紫雲清夏,ハイスクールガールズ,,
1595,菊地真,藤田ことね,紫雲清夏,ハイスクールガールズ,BLOOD TYPE O,
1596,島村卯月,渋谷凛,本田未央,ガラスの靴の舞踏会,ハイスクールガールズ,
1597,島村卯月,渋谷凛,神崎蘭子,ガラスの靴の舞踏会,,
1598,島村卯月,本田未央,神崎蘭子,ガラスの靴の舞踏会,,
1599,渋谷凛,本田未央,神崎蘭子,ガラスの靴の舞踏会,,
1600,島村卯月,渋谷凛,春日未来,境界を超える絆,,
1601,島村卯月,渋谷凛,最上静香,境界を超える絆,,
1602,島村卯月,渋谷凛,伊吹翼,境界を超える絆,,
1603,島村卯月,渋谷凛,真壁瑞希,ハイスクールガールズ,,
1604,島村卯月,渋谷凛,周防桃子,境界を超える絆,,
1605,島村卯月,渋谷凛,天道輝,境界を超える絆,,
1606,島村卯月,渋谷凛,桜庭薫,境界を超える絆,,
1607,島村卯月,渋谷凛,柏木翼,境界を超える絆,,
1608,島村卯月,渋谷凛,硲道夫,境界を超える絆,,
1609,島村卯月,渋谷凛,櫻木真乃,ハイスクールガールズ,,
1610,島村卯月,渋谷凛,風野灯織,ハイスクールガールズ,,
1611,島村卯月,渋谷凛,八宮めぐる,ハイスクールガールズ,,
1612,島村卯月,渋谷凛,小宮果穂,境界を超える絆,,
1613,島村卯月,渋谷凛,花海咲季,ハイスクールガールズ,,
1614,島村卯月,渋谷凛,月村手毬,ハイスクールガールズ,,
1615,島村卯月,渋谷凛,藤田ことね,ハイスクールガールズ,,
1616,島村卯月,渋谷凛,紫雲清夏,ハイスクールガールズ,,
1617,島村卯月,本田未央,春日未来,境界を超える絆,,
1618,島村卯月,本田未央,最上静香,境界を超える絆,,
1619,島村卯月,本田未央,伊吹翼,境界を超える絆,,
1620,島村卯月,本田未央,真壁瑞希,ハイスクールガールズ,,
1621,島村卯月,本田未央,周防桃子,境界を超える絆,,
1622,島村卯月,本田未央,天道輝,境界を超える絆,,
1623,島村卯月,本田未央,桜庭薫,境界を超える絆,,
1624,島村卯月,本田未央,柏木翼,境界を超える絆,,
1625,島村卯月,本田未央,硲道夫,境界を超える絆,,
1626,島村卯月,本田未央,櫻木真乃,ハイスクールガールズ,,
1627,島村卯月,本田未央,風野灯織,ハイスクールガールズ,,
1628,島村卯月,本田未央,八宮めぐる,ハイスクールガールズ,,
1629,島村卯月,本田未央,小宮果穂,境界を超える絆,,
1630,島村卯月,本田未央,花海咲季,ハイスクールガールズ,,
1631,島村卯月,本田未央,月村手毬,ハイスクールガールズ,,
1632,島村卯月,本田未央,藤田ことね,ハイスクールガールズ,,
1633,島村卯月,本田未央,紫雲清夏,ハイスクールガールズ,,
1634,島村卯月,神崎蘭子,春日未来,境界を超える絆,,
1635,島村卯月,神崎蘭子,最上静香,境界を超える絆,,
1636,島村卯月,神崎蘭子,伊吹翼,境界を超える絆,,
1637,島村卯月,神崎蘭子,真壁瑞希,境界を超える絆,,
1638,島村卯月,神崎蘭子,周防桃子,境界を超える絆,,
1639,島村卯月,神崎蘭子,天道輝,境界を超える絆,,
1640,島村卯月,神崎蘭子,桜庭薫,境界を超える絆,,
1641,島村卯月,神崎蘭子,柏木翼,境界を超える絆,,
1642,島村卯月,神崎蘭子,硲道夫,境界を超える絆,,
1643,島村卯月,神崎蘭子,櫻木真乃,Birth of April,,
1644,島村卯月,神崎蘭子,風野灯織,境界を超える絆,,
1645,島村卯月,神崎蘭子,八宮めぐる,境界を超える絆,,
1646,島村卯月,神崎蘭子,小宮果穂,境界を超える絆,,
1647,島村卯月,神崎蘭子,花海咲季,Birth of April,,
1648,島村卯月,神崎蘭子,月村手毬,境界を超える絆,,
1649,島村卯月,神崎蘭子,藤田ことね,Birth of April,,
1650,島村卯月,神崎蘭子,紫雲清夏,境界を超える絆,,
1651,渋谷凛,本田未央,春日未来,境界を超える絆,,
1652,渋谷凛,本田未央,最上静香,境界を超える絆,,
1653,渋谷凛,本田未央,伊吹翼,BLOOD TYPE B,,
1654,渋谷凛,本田未央,真壁瑞希,ハイスクールガールズ,BLOOD TYPE B,
1655,渋谷凛,本田未央,周防桃子,BLOOD TYPE B,,
1656,渋谷凛,本田未央,天道輝,BLOOD TYPE B,,
1657,渋谷凛,本田未央,桜庭薫,境界を超える絆,,
1658,渋谷凛,本田未央,柏木翼,Strollers,,
1659,渋谷凛,本田未央,硲道夫,境界を超える絆,,
1660,渋谷凛,本田未央,櫻木真乃,ハイスクールガールズ,Strollers,
1661,渋谷凛,本田未央,風野灯織,ハイスクールガールズ,Strollers,
1662,渋谷凛,本田未央,八宮めぐる,ハイスクールガールズ,,
1663,渋谷凛,本田未央,小宮果穂,境界を超える絆,,
1664,渋谷凛,本田未央,花海咲季,ハイスクールガールズ,,
1665,渋谷凛,本田未央,月村手毬,ハイスクールガールズ,,
1666,渋谷凛,本田未央,藤田ことね,ハイスクールガールズ,,
1667,渋谷凛,本田未央,紫雲清夏,ハイスクールガールズ,,
1668,渋谷凛,神崎蘭子,春日未来,境界を超える絆,,
1669,渋谷凛,神崎蘭子,最上静香,境界を超える絆,,
1670,渋谷凛,神崎蘭子,伊吹翼,境界を超える絆,,
1671,渋谷凛,神崎蘭子,真壁瑞希,境界を超える絆,,
1672,渋谷凛,神崎蘭子,周防桃子,境界を超える絆,,
1673,渋谷凛,神崎蘭子,天道輝,境界を超える絆,,
1674,渋谷凛,神崎蘭子,桜庭薫,境界を超える絆,,
1675,渋谷凛,神崎蘭子,柏木翼,境界を超える絆,,
1676,渋谷凛,神崎蘭子,硲道夫,境界を超える絆,,
1677,渋谷凛,神崎蘭子,櫻木真乃,境界を超える絆,,
1678,渋谷凛,神崎蘭子,風野灯織,境界を超える絆,,
1679,渋谷凛,神崎蘭子,八宮めぐる,境界を超える絆,,
1680,渋谷凛,神崎蘭子,小宮果穂,境界を超える絆,,
1681,渋谷凛,神崎蘭子,花海咲季,境界を超える絆,,
1682,渋谷凛,神崎蘭子,月村手毬,境界を超える絆,,
1683,渋谷凛,神崎蘭子,藤田ことね,境界を超える絆,,
1684,渋谷凛,神崎蘭子,紫雲清夏,境界を超える絆,,
1685,本田未央,神崎蘭子,春日未来,境界を超える絆,,
1686,本田未央,神崎蘭子,最上静香,境界を超える絆,,
1687,本田未央,神崎蘭子,伊吹翼,境界を超える絆,,
1688,本田未央,神崎蘭子,真壁瑞希,境界を超える絆,,
1689,本田未央,神崎蘭子,周防桃子,境界を超える絆,,
1690,本田未央,神崎蘭子,天道輝,境界を超える絆,,
1691,本田未央,神崎蘭子,桜庭薫,境界を超える絆,,
1692,本田未央,神崎蘭子,柏木翼,境界を超える絆,,
1693,本田未央,神崎蘭子,硲道夫,境界を超える絆,,
1694,本田未央,神崎蘭子,櫻木真乃,境界を超える絆,,
1695,本田未央,神崎蘭子,風野灯織,境界を超える絆,,
1696,本田未央,神崎蘭子,八宮めぐる,境界を超える絆,,
1697,本田未央,神崎蘭子,小宮果穂,境界を超える絆,,
1698,本田未央,神崎蘭子,花海咲季,境界を超える絆,,
1699,本田未央,神崎蘭子,月村手毬,境界を超える絆,,
1700,本田未央,神崎蘭子,藤田ことね,境界を超える絆,,
1701,本田未央,神崎蘭子,紫雲清夏,境界を超える絆,,
1702,島村卯月,春日未来,最上静香,境界を超える絆,,
1703,島村卯月,春日未来,伊吹翼,境界を超える絆,,
1704,島村卯月,春日未来,真壁瑞希,境界を超える絆,,
1705,島村卯月,春日未来,周防桃子,境界を超える絆,,
1706,島村卯月,最上静香,伊吹翼,境界を超える絆,,
1707,島村卯月,最上静香,真壁瑞希,境界を超える絆,,
1708,島村卯月,最上静香,周防桃子,境界を超える絆,,
1709,島村卯月,伊吹翼,真壁瑞希,境界を超える絆,,
1710,島村卯月,伊吹翼,周防桃子,境界を超える絆,,
1711,島村卯月,真壁瑞希,周防桃子,境界を超える絆,,
1712,島村卯月,春日未来,天道輝,Brilliant World,,
1713,島村卯月,春日未来,桜庭薫,境界を超える絆,,
1714,島村卯月,春日未来,柏木翼,BLOOD TYPE O,,
1715,島村卯月,春日未来,硲道夫,境界を超える絆,,
1716,島村卯月,春日未来,櫻木真乃,Brilliant World,,
1717,島村卯月,春日未来,風野灯織,境界を超える絆,,
1718,島村卯月,春日未来,八宮めぐる,BLOOD TYPE O,,
1719,島村卯月,春日未来,小宮果穂,境界を超える絆,,
1720,島村卯月,春日未来,花海咲季,Brilliant World,,
1721,島村卯月,春日未来,月村手毬,Celestial Names,,
1722,島村卯月,春日未来,藤田ことね,BLOOD TYPE O,,
1723,島村卯月,春日未来,紫雲清夏,BLOOD TYPE O,,
1724,島村卯月,最上静香,天道輝,境界を超える絆,,
1725,島村卯月,最上静香,桜庭薫,境界を超える絆,,
1726,島村卯月,最上静香,柏木翼,境界を超える絆,,
1727,島村卯月,最上静香,硲道夫,境界を超える絆,,
1728,島村卯月,最上静香,櫻木真乃,境界を超える絆,,
1729,島村卯月,最上静香,風野灯織,境界を超える絆,,
1730,島村卯月,最上静香,八宮めぐる,境界を超える絆,,
1731,島村卯月,最上静香,小宮果穂,境界を超える絆,,
1732,島村卯月,最上静香,花海咲季,境界を超える絆,,
1733,島村卯月,最上静香,月村手毬,境界を超える絆,,
1734,島村卯月,最上静香,藤田ことね,境界を超える絆,,
1735,島村卯月,最上静香,紫雲清夏,境界を超える絆,,
1736,島村卯月,伊吹翼,天道輝,境界を超える絆,,
1737,島村卯月,伊吹翼,桜庭薫,境界を超える絆,,
1738,島村卯月,伊吹翼,柏木翼,境界を超える絆,,
1739,島村卯月,伊吹翼,硲道夫,境界を超える絆,,
1740,島村卯月,伊吹翼,櫻木真乃,境界を超える絆,,
1741,島村卯月,伊吹翼,風野灯織,境界を超える絆,,
1742,島村卯月,伊吹翼,八宮めぐる,境界を超える絆,,
1743,島村卯月,伊吹翼,小宮果穂,境界を超える絆,,
1744,島村卯月,伊吹翼,花海咲季,境界を超える絆,,
1745,島村卯月,伊吹翼,月村手毬,境界を超える絆,,
1746,島村卯月,伊吹翼,藤田ことね,境界を超える絆,,
1747,島村卯月,伊吹翼,紫雲清夏,境界を超える絆,,
1748,島村卯月,真壁瑞希,天道輝,境界を超える絆,,
1749,島村卯月,真壁瑞希,桜庭薫,境界を超える絆,,
1750,島村卯月,真壁瑞希,柏木翼,境界を超える絆,,
1751,島村卯月,真壁瑞希,硲道夫,境界を超える絆,,
1752,島村卯月,真壁瑞希,櫻木真乃,ハイスクールガールズ,,
1753,島村卯月,真壁瑞希,風野灯織,ハイスクールガールズ,,
1754,島村卯月,真壁瑞希,八宮めぐる,ハイスクールガールズ,,
1755,島村卯月,真壁瑞希,小宮果穂,境界を超える絆,,
1756,島村卯月,真壁瑞希,花海咲季,ハイスクールガールズ,,
1757,島村卯月,真壁瑞希,月村手毬,ハイスクールガールズ,,
1758,島村卯月,真壁瑞希,藤田ことね,ハイスクールガールズ,,
1759,島村卯月,真壁瑞希,紫雲清夏,ハイスクールガールズ,,
1760,島村卯月,周防桃子,天道輝,境界を超える絆,,
1761,島村卯月,周防桃子,桜庭薫,境界を超える絆,,
1762,島村卯月,周防桃子,柏木翼,境界を超える絆,,
1763,島村卯月,周防桃子,硲道夫,境界を超える絆,,
1764,島村卯月,周防桃子,櫻木真乃,境界を超える絆,,
1765,島村卯月,周防桃子,風野灯織,境界を超える絆,,
1766,島村卯月,周防桃子,八宮めぐる,境界を超える絆,,
1767,島村卯月,周防桃子,小宮果穂,境界を超える絆,,
1768,島村卯月,周防桃子,花海咲季,境界を超える絆,,
1769,島村卯月,周防桃子,月村手毬,境界を超える絆,,
1770,島村卯月,周防桃子,藤田ことね,境界を超える絆,,
1771,島村卯月,周防桃子,紫雲清夏,境界を超える絆,,
1772,島村卯月,天道輝,桜庭薫,境界を超える絆,,
1773,島村卯月,天道輝,柏木翼,境界を超える絆,,
1774,島村卯月,天道輝,硲道夫,境界を超える絆,,
1775,島村卯月,桜庭薫,柏木翼,境界を超える絆,,
1776,島村卯月,桜庭薫,硲道夫,境界を超える絆,,
1777,島村卯月,柏木翼,硲道夫,境界を超える絆,,
1778,島村卯月,天道輝,櫻木真乃,Brilliant World,,
1779,島村卯月,天道輝,風野灯織,境界を超える絆,,
1780,島村卯月,天道輝,八宮めぐる,境界を超える絆,,
1781,島村卯月,天道輝,小宮果穂,境界を超える絆,,
1782,島村卯月,天道輝,花海咲季,Brilliant World,,
1783,島村卯月,天道輝,月村手毬,境界を超える絆,,
1784,島村卯月,天道輝,藤田ことね,境界を超える絆,,
1785,島村卯月,天道輝,紫雲清夏,境界を超える絆,,
1786,島村卯月,桜庭薫,櫻木真乃,境界を超える絆,,
1787,島村卯月,桜庭薫,風野灯織,境界を超える絆,,
1788,島村卯月,桜庭薫,八宮めぐる,境界を超える絆,,
1789,島村卯月,桜庭薫,小宮果穂,境界を超える絆,,
1790,島村卯月,桜庭薫,花海咲季,境界を超える絆,,
1791,島村卯月,桜庭薫,月村手毬,境界を超える絆,,
1792,島村卯月,桜庭薫,藤田ことね,境界を超える絆,,
1793,島村卯月,桜庭薫,紫雲清夏,境界を超える絆,,
1794,島村卯月,柏木翼,櫻木真乃,Winter Constellations,,
1795,島村卯月,柏木翼,風野灯織,境界を超える絆,,
1796,島村卯月,柏木翼,八宮めぐる,BLOOD TYPE O,,
1797,島村卯月,柏木翼,小宮果穂,境界を超える絆,,
1798,島村卯月,柏木翼,花海咲季,境界を超える絆,,
1799,島村卯月,柏木翼,月村手毬,Winter Constellations,,
1800,島村卯月,柏木翼,藤田ことね,BLOOD TYPE O,Winter Constellations,
1801,島村卯月,柏木翼,紫雲清夏,BLOOD TYPE O,,
1802,島村卯月,硲道夫,櫻木真乃,境界を超える絆,,
1803,島村卯月,硲道夫,風野灯織,境界を超える絆,,
1804,島村卯月,硲道夫,八宮めぐる,境界を超える絆,,
1805,島村卯月,硲道夫,小宮果穂,境界を超える絆,,
1806,島村卯月,硲道夫,花海咲季,境界を超える絆,,
1807,島村卯月,硲道夫,月村手毬,境界を超える絆,,
1808,島村卯月,硲道夫,藤田ことね,境界を超える絆,,
1809,島村卯月,硲道夫,紫雲清夏,境界を超える絆,,
1810,島村卯月,櫻木真乃,風野灯織,ハイスクールガールズ,,
1811,島村卯月,櫻木真乃,八宮めぐる,ハイスクールガールズ,,
1812,島村卯月,櫻木真乃,小宮果穂,境界を超える絆,,
1813,島村卯月,風野灯織,八宮めぐる,ハイスクールガールズ,,
1814,島村卯月,風野灯織,小宮果穂,境界を超える絆,,
1815,島村卯月,八宮めぐる,小宮果穂,境界を超える絆,,
1816,島村卯月,櫻木真乃,花海咲季,Brilliant World,ハイスクールガールズ,Birth of April
1817,島村卯月,櫻木真乃,月村手毬,ハイスクールガールズ,Winter Constellations,
1818,島村卯月,櫻木真乃,藤田ことね,ハイスクールガールズ,Birth of April,Winter Constellations
1819,島村卯月,櫻木真乃,紫雲清夏,ハイスクールガールズ,,
1820,島村卯月,風野灯織,花海咲季,ハイスクールガールズ,,
1821,島村卯月,風野灯織,月村手毬,ハイスクールガールズ,,
1822,島村卯月,風野灯織,藤田ことね,ハイスクールガールズ,,
1823,島村卯月,風野灯織,紫雲清夏,ハイスクールガールズ,,
1824,島村卯月,八宮めぐる,花海咲季,ハイスクールガールズ,,
1825,島村卯月,八宮めぐる,月村手毬,ハイスクールガールズ,,
1826,島村卯月,八宮めぐる,藤田ことね,ハイスクールガールズ,BLOOD TYPE O,
1827,島村卯月,八宮めぐる,紫雲清夏,ハイスクールガールズ,BLOOD TYPE O,
1828,島村卯月,小宮果穂,花海咲季,境界を超える絆,,
1829,島村卯月,小宮果穂,月村手毬,境界を超える絆,,
1830,島村卯月,小宮果穂,藤田ことね,境界を超える絆,,
1831,島村卯月,小宮果穂,紫雲清夏,境界を超える絆,,
1832,島村卯月,花海咲季,月村手毬,ハイスクールガールズ,,
1833,島村卯月,花海咲季,藤田ことね,ハイスクールガールズ,Birth of April,
1834,島村卯月,花海咲季,紫雲清夏,ハイスクールガールズ,,
1835,島村卯月,月村手毬,藤田ことね,ハイスクールガールズ,Winter Constellations,
1836,島村卯月,月村手毬,紫雲清夏,ハイスクールガールズ,,
1837,島村卯月,藤田ことね,紫雲清夏,ハイスクールガールズ,BLOOD TYPE O,
1838,渋谷凛,春日未来,最上静香,Spring Constellations,,
1839,渋谷凛,春日未来,伊吹翼,Spring Constellations,,
1840,渋谷凛,春日未来,真壁瑞希,境界を超える絆,,
1841,渋谷凛,春日未来,周防桃子,境界を超える絆,,
1842,渋谷凛,最上静香,伊吹翼,Spring Constellations,,
1843,渋谷凛,最上静香,真壁瑞希,境界を超える絆,,
1844,渋谷凛,最上静香,周防桃子,境界を超える絆,,
1845,渋谷凛,伊吹翼,真壁瑞希,BLOOD TYPE B,,
1846,渋谷凛,伊吹翼,周防桃子,BLOOD TYPE B,,
1847,渋谷凛,真壁瑞希,周防桃子,BLOOD TYPE B,,
1848,渋谷凛,春日未来,天道輝,境界を超える絆,,
1849,渋谷凛,春日未来,桜庭薫,境界を超える絆,,
1850,渋谷凛,春日未来,柏木翼,境界を超える絆,,
1851,渋谷凛,春日未来,硲道夫,境界を超える絆,,
1852,渋谷凛,春日未来,櫻木真乃,境界を超える絆,,
1853,渋谷凛,春日未来,風野灯織,境界を超える絆,,
1854,渋谷凛,春日未来,八宮めぐる,Spring Constellations,,
1855,渋谷凛,春日未来,小宮果穂,Spring Constellations,,
1856,渋谷凛,春日未来,花海咲季,境界を超える絆,,
1857,渋谷凛,春日未来,月村手毬,境界を超える絆,,
1858,渋谷凛,春日未来,藤田ことね,境界を超える絆,,
1859,渋谷凛,春日未来,紫雲清夏,境界を超える絆,,
1860,渋谷凛,最上静香,天道輝,境界を超える絆,,
1861,渋谷凛,最上静香,桜庭薫,Fantasy Scenery,,
1862,渋谷凛,最上静香,柏木翼,境界を超える絆,,
1863,渋谷凛,最上静香,硲道夫,境界を超える絆,,
1864,渋谷凛,最上静香,櫻木真乃,境界を超える絆,,
1865,渋谷凛,最上静香,風野灯織,Fantasy Scenery,,
1866,渋谷凛,最上静香,八宮めぐる,Spring Constellations,,
1867,渋谷凛,最上静香,小宮果穂,Spring Constellations,,
1868,渋谷凛,最上静香,花海咲季,境界を超える絆,,
1869,渋谷凛,最上静香,月村手毬,Fantasy Scenery,,
1870,渋谷凛,最上静香,藤田ことね,境界を超える絆,,
1871,渋谷凛,最上静香,紫雲清夏,境界を超える絆,,
1872,渋谷凛,伊吹翼,天道輝,BLOOD TYPE B,,
1873,渋谷凛,伊吹翼,桜庭薫,境界を超える絆,,
1874,渋谷凛,伊吹翼,柏木翼,境界を超える絆,,
1875,渋谷凛,伊吹翼,硲道夫,境界を超える絆,,
1876,渋谷凛,伊吹翼,櫻木真乃,境界を超える絆,,
1877,渋谷凛,伊吹翼,風野灯織,境界を超える絆,,
1878,渋谷凛,伊吹翼,八宮めぐる,Spring Constellations,,
1879,渋谷凛,伊吹翼,小宮果穂,Spring Constellations,,
1880,渋谷凛,伊吹翼,花海咲季,境界を超える絆,,
1881,渋谷凛,伊吹翼,月村手毬,境界を超える絆,,
1882,渋谷凛,伊吹翼,藤田ことね,境界を超える絆,,
1883,渋谷凛,伊吹翼,紫雲清夏,境界を超える絆,,
1884,渋谷凛,真壁瑞希,天道輝,BLOOD TYPE B,,
1885,渋谷凛,真壁瑞希,桜庭薫,境界を超える絆,,
1886,渋谷凛,真壁瑞希,柏木翼,境界を超える絆,,
1887,渋谷凛,真壁瑞希,硲道夫,境界を超える絆,,
1888,渋谷凛,真壁瑞希,櫻木真乃,ハイスクールガールズ,,
1889,渋谷凛,真壁瑞希,風野灯織,ハイスクールガールズ,,
1890,渋谷凛,真壁瑞希,八宮めぐる,ハイスクールガールズ,,
1891,渋谷凛,真壁瑞希,小宮果穂,境界を超える絆,,
1892,渋谷凛,真壁瑞希,花海咲季,ハイスクールガールズ,,
1893,渋谷凛,真壁瑞希,月村手毬,ハイスクールガールズ,,
1894,渋谷凛,真壁瑞希,藤田ことね,ハイスクールガールズ,,
1895,渋谷凛,真壁瑞希,紫雲清夏,ハイスクールガールズ,,
1896,渋谷凛,周防桃子,天道輝,BLOOD TYPE B,,
1897,渋谷凛,周防桃子,桜庭薫,境界を超える絆,,
1898,渋谷凛,周防桃子,柏木翼,境界を超える絆,,
1899,渋谷凛,周防桃子,硲道夫,境界を超える絆,,
1900,渋谷凛,周防桃子,櫻木真乃,境界を超える絆,,
1901,渋谷凛,周防桃子,風野灯織,境界を超える絆,,
1902,渋谷凛,周防桃子,八宮めぐる,境界を超える絆,,
1903,渋谷凛,周防桃子,小宮果穂,境界を超える絆,,
1904,渋谷凛,周防桃子,花海咲季,境界を超える絆,,
1905,渋谷凛,周防桃子,月村手毬,境界を超える絆,,
1906,渋谷凛,周防桃子,藤田ことね,境界を超える絆,,
1907,渋谷凛,周防桃子,紫雲清夏,境界を超える絆,,
1908,渋谷凛,天道輝,桜庭薫,境界を超える絆,,
1909,渋谷凛,天道輝,柏木翼,境界を超える絆,,
1910,渋谷凛,天道輝,硲道夫,境界を超える絆,,
1911,渋谷凛,桜庭薫,柏木翼,境界を超える絆,,
1912,渋谷凛,桜庭薫,硲道夫,境界を超える絆,,
1913,渋谷凛,柏木翼,硲道夫,境界を超える絆,,
1914,渋谷凛,天道輝,櫻木真乃,境界を超える絆,,
1915,渋谷凛,天道輝,風野灯織,境界を超える絆,,
1916,渋谷凛,天道輝,八宮めぐる,境界を超える絆,,
1917,渋谷凛,天道輝,小宮果穂,境界を超える絆,,
1918,渋谷凛,天道輝,花海咲季,境界を超える絆,,
1919,渋谷凛,天道輝,月村手毬,境界を超える絆,,
1920,渋谷凛,天道輝,藤田ことね,境界を超える絆,,
1921,渋谷凛,天道輝,紫雲清夏,境界を超える絆,,
1922,渋谷凛,桜庭薫,櫻木真乃,境界を超える絆,,
1923,渋谷凛,桜庭薫,風野灯織,Fantasy Scenery,,
1924,渋谷凛,桜庭薫,八宮めぐる,境界を超える絆,,
1925,渋谷凛,桜庭薫,小宮果穂,境界を超える絆,,
1926,渋谷凛,桜庭薫,花海咲季,境界を超える絆,,
1927,渋谷凛,桜庭薫,月村手毬,Fantasy Scenery,,
1928,渋谷凛,桜庭薫,藤田ことね,境界を超える絆,,
1929,渋谷凛,桜庭薫,紫雲清夏,境界を超える絆,,
1930,渋谷凛,柏木翼,櫻木真乃,Strollers,,
1931,渋谷凛,柏木翼,風野灯織,Strollers,,
1932,渋谷凛,柏木翼,八宮めぐる,境界を超える絆,,
1933,渋谷凛,柏木翼,小宮果穂,境界を超える絆,,
1934,渋谷凛,柏木翼,花海咲季,境界を超える絆,,
1935,渋谷凛,柏木翼,月村手毬,境界を超える絆,,
1936,渋谷凛,柏木翼,藤田ことね,境界を超える絆,,
1937,渋谷凛,柏木翼,紫雲清夏,境界を超える絆,,
1938,渋谷凛,硲道夫,櫻木真乃,境界を超える絆,,
1939,渋谷凛,硲道夫,風野灯織,境界を超える絆,,
1940,渋谷凛,硲道夫,八宮めぐる,境界を超える絆,,
1941,渋谷凛,硲道夫,小宮果穂,境界を超える絆,,
1942,渋谷凛,硲道夫,花海咲季,境界を超える絆,,
1943,渋谷凛,硲道夫,月村手毬,境界を超える絆,,
1944,渋谷凛,硲道夫,藤田ことね,境界を超える絆,,
1945,渋谷凛,硲道夫,紫雲清夏,境界を超える絆,,
1946,渋谷凛,櫻木真乃,風野灯織,ハイスクールガールズ,Strollers,
1947,渋谷凛,櫻木真乃,八宮めぐる,ハイスクールガールズ,,
1948,渋谷凛,櫻木真乃,小宮果穂,境界を超える絆,,
1949,渋谷凛,風野灯織,八宮めぐる,ハイスクールガールズ,,
1950,渋谷凛,風野灯織,小宮果穂,境界を超える絆,,
1951,渋谷凛,八宮めぐる,小宮果穂,Spring Constellations,,
1952,渋谷凛,櫻木真乃,花海咲季,ハイスクールガールズ,,
1953,渋谷凛,櫻木真乃,月村手毬,ハイスクールガールズ,,
1954,渋谷凛,櫻木真乃,藤田ことね,ハイスクールガールズ,,
1955,渋谷凛,櫻木真乃,紫雲清夏,ハイスクールガールズ,,
1956,渋谷凛,風野灯織,花海咲季,ハイスクールガールズ,,
1957,渋谷凛,風野灯織,月村手毬,Fantasy Scenery,ハイスクールガールズ,
1958,渋谷凛,風野灯織,藤田ことね,ハイスクールガールズ,,
1959,渋谷凛,風野灯織,紫雲清夏,ハイスクールガールズ,,
1960,渋谷凛,八宮めぐる,花海咲季,ハイスクールガールズ,,
1961,渋谷凛,八宮めぐる,月村手毬,ハイスクールガールズ,,
1962,渋谷凛,八宮めぐる,藤田ことね,ハイスクールガールズ,,
1963,渋谷凛,八宮めぐる,紫雲清夏,ハイスクールガールズ,,
1964,渋谷凛,小宮果穂,花海咲季,境界を超える絆,,
1965,渋谷凛,小宮果穂,月村手毬,境界を超える絆,,
1966,渋谷凛,小宮果穂,藤田ことね,境界を超える絆,,
1967,渋谷凛,小宮果穂,紫雲清夏,境界を超える絆,,
1968,渋谷凛,花海咲季,月村手毬,ハイスクールガールズ,,
1969,渋谷凛,花海咲季,藤田ことね,ハイスクールガールズ,,
1970,渋谷凛,花海咲季,紫雲清夏,ハイスクールガールズ,,
1971,渋谷凛,月村手毬,藤田ことね,ハイスクールガールズ,,
1972,渋谷凛,月村手毬,紫雲清夏,ハイスクールガールズ,,
1973,渋谷凛,藤田ことね,紫雲清夏,ハイスクールガールズ,,
1974,本田未央,春日未来,最上静香,境界を超える絆,,
1975,本田未央,春日未来,伊吹翼,境界を超える絆,,
1976,本田未央,春日未来,真壁瑞希,境界を超える絆,,
1977,本田未央,春日未来,周防桃子,境界を超える絆,,
1978,本田未央,最上静香,伊吹翼,境界を超える絆,,
1979,本田未央,最上静香,真壁瑞希,境界を超える絆,,
1980,本田未央,最上静香,周防桃子,境界を超える絆,,
1981,本田未央,伊吹翼,真壁瑞希,BLOOD TYPE B,,
1982,本田未央,伊吹翼,周防桃子,BLOOD TYPE B,,
1983,本田未央,真壁瑞希,周防桃子,BLOOD TYPE B,,
1984,本田未央,春日未来,天道輝,境界を超える絆,,
1985,本田未央,春日未来,桜庭薫,境界を超える絆,,
1986,本田未央,春日未来,柏木翼,境界を超える絆,,
1987,本田未央,春日未来,硲道夫,境界を超える絆,,
1988,本田未央,春日未来,櫻木真乃,境界を超える絆,,
1989,本田未央,春日未来,風野灯織,境界を超える絆,,
1990,本田未央,春日未来,八宮めぐる,境界を超える絆,,
1991,本田未央,春日未来,小宮果穂,境界を超える絆,,
1992,本田未央,春日未来,花海咲季,境界を超える絆,,
1993,本田未央,春日未来,月村手毬,境界を超える絆,,
1994,本田未央,春日未来,藤田ことね,境界を超える絆,,
1995,本田未央,春日未来,紫雲清夏,境界を超える絆,,
1996,本田未央,最上静香,天道輝,境界を超える絆,,
1997,本田未央,最上静香,桜庭薫,境界を超える絆,,
1998,本田未央,最上静香,柏木翼,境界を超える絆,,
1999,本田未央,最上静香,硲道夫,境界を超える絆,,
2000,本田未央,最上静香,櫻木真乃,境界を超える絆,,
2001,本田未央,最上静香,風野灯織,境界を超える絆,,
2002,本田未央,最上静香,八宮めぐる,境界を超える絆,,
2003,本田未央,最上静香,小宮果穂,境界を超える絆,,
2004,本田未央,最上静香,花海咲季,境界を超える絆,,
2005,本田未央,最上静香,月村手毬,境界を超える絆,,
2006,本田未央,最上静香,藤田ことね,境界を超える絆,,
2007,本田未央,最上静香,紫雲清夏,境界を超える絆,,
2008,本田未央,伊吹翼,天道輝,BLOOD TYPE B,,
2009,本田未央,伊吹翼,桜庭薫,境界を超える絆,,
2010,本田未央,伊吹翼,柏木翼,Dazzling Garden,,
2011,本田未央,伊吹翼,硲道夫,境界を超える絆,,
2012,本田未央,伊吹翼,櫻木真乃,境界を超える絆,,
2013,本田未央,伊吹翼,風野灯織,境界を超える絆,,
2014,本田未央,伊吹翼,八宮めぐる,Dazzling Garden,,
2015,本田未央,伊吹翼,小宮果穂,境界を超える絆,,
2016,本田未央,伊吹翼,花海咲季,境界を超える絆,,
2017,本田未央,伊吹翼,月村手毬,境界を超える絆,,
2018,本田未央,伊吹翼,藤田ことね,Dazzling Garden,,
2019,本田未央,伊吹翼,紫雲清夏,境界を超える絆,,
2020,本田未央,真壁瑞希,天道輝,BLOOD TYPE B,,
2021,本田未央,真壁瑞希,桜庭薫,境界を超える絆,,
2022,本田未央,真壁瑞希,柏木翼,境界を超える絆,,
2023,本田未央,真壁瑞希,硲道夫,境界を超える絆,,
2024,本田未央,真壁瑞希,櫻木真乃,ハイスクールガールズ,,
2025,本田未央,真壁瑞希,風野灯織,ハイスクールガールズ,,
2026,本田未央,真壁瑞希,八宮めぐる,ハイスクールガールズ,,
2027,本田未央,真壁瑞希,小宮果穂,境界を超える絆,,
2028,本田未央,真壁瑞希,花海咲季,ハイスクールガールズ,,
2029,本田未央,真壁瑞希,月村手毬,ハイスクールガールズ,,
2030,本田未央,真壁瑞希,藤田ことね,ハイスクールガールズ,,
2031,本田未央,真壁瑞希,紫雲清夏,ハイスクールガールズ,,
2032,本田未央,周防桃子,天道輝,BLOOD TYPE B,,
2033,本田未央,周防桃子,桜庭薫,Summer Constellations,,
2034,本田未央,周防桃子,柏木翼,境界を超える絆,,
2035,本田未央,周防桃子,硲道夫,境界を超える絆,,
2036,本田未央,周防桃子,櫻木真乃,境界を超える絆,,
2037,本田未央,周防桃子,風野灯織,境界を超える絆,,
2038,本田未央,周防桃子,八宮めぐる,境界を超える絆,,
2039,本田未央,周防桃子,小宮果穂,境界を超える絆,,
2040,本田未央,周防桃子,花海咲季,境界を超える絆,,
2041,本田未央,周防桃子,月村手毬,境界を超える絆,,
2042,本田未央,周防桃子,藤田ことね,境界を超える絆,,
2043,本田未央,周防桃子,紫雲清夏,Summer Constellations,,
2044,本田未央,天道輝,桜庭薫,境界を超える絆,,
2045,本田未央,天道輝,柏木翼,境界を超える絆,,
2046,本田未央,天道輝,硲道夫,境界を超える絆,,
2047,本田未央,桜庭薫,柏木翼,境界を超える絆,,
2048,本田未央,桜庭薫,硲道夫,境界を超える絆,,
2049,本田未央,柏木翼,硲道夫,境界を超える絆,,
2050,本田未央,天道輝,櫻木真乃,境界を超える絆,,
2051,本田未央,天道輝,風野灯織,境界を超える絆,,
2052,本田未央,天道輝,八宮めぐる,境界を超える絆,,
2053,本田未央,天道輝,小宮果穂,境界を超える絆,,
2054,本田未央,天道輝,花海咲季,境界を超える絆,,
2055,本田未央,天道輝,月村手毬,境界を超える絆,,
2056,本田未央,天道輝,藤田ことね,境界を超える絆,,
2057,本田未央,天道輝,紫雲清夏,境界を超える絆,,
2058,本田未央,桜庭薫,櫻木真乃,境界を超える絆,,
2059,本田未央,桜庭薫,風野灯織,境界を超える絆,,
2060,本田未央,桜庭薫,八宮めぐる,境界を超える絆,,
2061,本田未央,桜庭薫,小宮果穂,境界を超える絆,,
2062,本田未央,桜庭薫,花海咲季,境界を超える絆,,
2063,本田未央,桜庭薫,月村手毬,境界を超える絆,,
2064,本田未央,桜庭薫,藤田ことね,境界を超える絆,,
2065,本田未央,桜庭薫,紫雲清夏,Summer Constellations,,
2066,本田未央,柏木翼,櫻木真乃,Strollers,,
2067,本田未央,柏木翼,風野灯織,Strollers,,
2068,本田未央,柏木翼,八宮めぐる,Dazzling Garden,,
2069,本田未央,柏木翼,小宮果穂,境界を超える絆,,
2070,本田未央,柏木翼,花海咲季,境界を超える絆,,
2071,本田未央,柏木翼,月村手毬,境界を超える絆,,
2072,本田未央,柏木翼,藤田ことね,Dazzling Garden,,
2073,本田未央,柏木翼,紫雲清夏,境界を超える絆,,
2074,本田未央,硲道夫,櫻木真乃,境界を超える絆,,
2075,本田未央,硲道夫,風野灯織,境界を超える絆,,
2076,本田未央,硲道夫,八宮めぐる,境界を超える絆,,
2077,本田未央,硲道夫,小宮果穂,境界を超える絆,,
2078,本田未央,硲道夫,花海咲季,境界を超える絆,,
2079,本田未央,硲道夫,月村手毬,境界を超える絆,,
2080,本田未央,硲道夫,藤田ことね,境界を超える絆,,
2081,本田未央,硲道夫,紫雲清夏,境界を超える絆,,
2082,本田未央,櫻木真乃,風野灯織,ハイスクールガールズ,Strollers,
2083,本田未央,櫻木真乃,八宮めぐる,ハイスクールガールズ,,
2084,本田未央,櫻木真乃,小宮果穂,境界を超える絆,,
2085,本田未央,風野灯織,八宮めぐる,ハイスクールガールズ,,
2086,本田未央,風野灯織,小宮果穂,境界を超える絆,,
2087,本田未央,八宮めぐる,小宮果穂,境界を超える絆,,
2088,本田未央,櫻木真乃,花海咲季,ハイスクールガールズ,,
2089,本田未央,櫻木真乃,月村手毬,ハイスクールガールズ,,
2090,本田未央,櫻木真乃,藤田ことね,ハイスクールガールズ,,
2091,本田未央,櫻木真乃,紫雲清夏,ハイスクールガールズ,,
2092,本田未央,風野灯織,花海咲季,ハイスクールガールズ,,
2093,本田未央,風野灯織,月村手毬,ハイスクールガールズ,,
2094,本田未央,風野灯織,藤田ことね,ハイスクールガールズ,,
2095,本田未央,風野灯織,紫雲清夏,ハイスクールガールズ,,
2096,本田未央,八宮めぐる,花海咲季,ハイスクールガールズ,,
2097,本田未央,八宮めぐる,月村手毬,ハイスクールガールズ,,
2098,本田未央,八宮めぐる,藤田ことね,Dazzling Garden,ハイスクールガールズ,
2099,本田未央,八宮めぐる,紫雲清夏,ハイスクールガールズ,,
2100,本田未央,小宮果穂,花海咲季,境界を超える絆,,
2101,本田未央,小宮果穂,月村手毬,境界を超える絆,,
2102,本田未央,小宮果穂,藤田ことね,境界を超える絆,,
2103,本田未央,小宮果穂,紫雲清夏,境界を超える絆,,
2104,本田未央,花海咲季,月村手毬,ハイスクールガールズ,,
2105,本田未央,花海咲季,藤田ことね,ハイスクールガールズ,,
2106,本田未央,花海咲季,紫雲清夏,ハイスクールガールズ,,
2107,本田未央,月村手毬,藤田ことね,ハイスクールガールズ,,
2108,本田未央,月村手毬,紫雲清夏,ハイスクールガールズ,,
2109,本田未央,藤田ことね,紫雲清夏,ハイスクールガールズ,,
2110,神崎蘭子,春日未来,最上静香,ジュニアハイスクールガールズ,,
2111,神崎蘭子,春日未来,伊吹翼,ジュニアハイスクールガールズ,,
2112,神崎蘭子,春日未来,真壁瑞希,境界を超える絆,,
2113,神崎蘭子,春日未来,周防桃子,境界を超える絆,,
2114,神崎蘭子,最上静香,伊吹翼,ジュニアハイスクールガールズ,,
2115,神崎蘭子,最上静香,真壁瑞希,境界を超える絆,,
2116,神崎蘭子,最上静香,周防桃子,境界を超える絆,,
2117,神崎蘭子,伊吹翼,真壁瑞希,境界を超える絆,,
2118,神崎蘭子,伊吹翼,周防桃子,境界を超える絆,,
2119,神崎蘭子,真壁瑞希,周防桃子,境界を超える絆,,
2120,神崎蘭子,春日未来,天道輝,境界を超える絆,,
2121,神崎蘭子,春日未来,桜庭薫,境界を超える絆,,
2122,神崎蘭子,春日未来,柏木翼,境界を超える絆,,
2123,神崎蘭子,春日未来,硲道夫,境界を超える絆,,
2124,神崎蘭子,春日未来,櫻木真乃,境界を超える絆,,
2125,神崎蘭子,春日未来,風野灯織,境界を超える絆,,
2126,神崎蘭子,春日未来,八宮めぐる,境界を超える絆,,
2127,神崎蘭子,春日未来,小宮果穂,境界を超える絆,,
2128,神崎蘭子,春日未来,花海咲季,境界を超える絆,,
2129,神崎蘭子,春日未来,月村手毬,境界を超える絆,,
2130,神崎蘭子,春日未来,藤田ことね,境界を超える絆,,
2131,神崎蘭子,春日未来,紫雲清夏,境界を超える絆,,
2132,神崎蘭子,最上静香,天道輝,境界を超える絆,,
2133,神崎蘭子,最上静香,桜庭薫,BLOOD TYPE A,,
2134,神崎蘭子,最上静香,柏木翼,境界を超える絆,,
2135,神崎蘭子,最上静香,硲道夫,境界を超える絆,,
2136,神崎蘭子,最上静香,櫻木真乃,BLOOD TYPE A,,
2137,神崎蘭子,最上静香,風野灯織,BLOOD TYPE A,,
2138,神崎蘭子,最上静香,八宮めぐる,境界を超える絆,,
2139,神崎蘭子,最上静香,小宮果穂,BLOOD TYPE A,,
2140,神崎蘭子,最上静香,花海咲季,BLOOD TYPE A,,
2141,神崎蘭子,最上静香,月村手毬,境界を超える絆,,
2142,神崎蘭子,最上静香,藤田ことね,境界を超える絆,,
2143,神崎蘭子,最上静香,紫雲清夏,境界を超える絆,,
2144,神崎蘭子,伊吹翼,天道輝,境界を超える絆,,
2145,神崎蘭子,伊吹翼,桜庭薫,境界を超える絆,,
2146,神崎蘭子,伊吹翼,柏木翼,境界を超える絆,,
2147,神崎蘭子,伊吹翼,硲道夫,境界を超える絆,,
2148,神崎蘭子,伊吹翼,櫻木真乃,境界を超える絆,,
2149,神崎蘭子,伊吹翼,風野灯織,境界を超える絆,,
2150,神崎蘭子,伊吹翼,八宮めぐる,境界を超える絆,,
2151,神崎蘭子,伊吹翼,小宮果穂,境界を超える絆,,
2152,神崎蘭子,伊吹翼,花海咲季,境界を超える絆,,
2153,神崎蘭子,伊吹翼,月村手毬,境界を超える絆,,
2154,神崎蘭子,伊吹翼,藤田ことね,境界を超える絆,,
2155,神崎蘭子,伊吹翼,紫雲清夏,境界を超える絆,,
2156,神崎蘭子,真壁瑞希,天道輝,Autumn Constellations,,
2157,神崎蘭子,真壁瑞希,桜庭薫,境界を超える絆,,
2158,神崎蘭子,真壁瑞希,柏木翼,境界を超える絆,,
2159,神崎蘭子,真壁瑞希,硲道夫,Autumn Constellations,,
2160,神崎蘭子,真壁瑞希,櫻木真乃,境界を超える絆,,
2161,神崎蘭子,真壁瑞希,風野灯織,Autumn Constellations,,
2162,神崎蘭子,真壁瑞希,八宮めぐる,境界を超える絆,,
2163,神崎蘭子,真壁瑞希,小宮果穂,境界を超える絆,,
2164,神崎蘭子,真壁瑞希,花海咲季,Autumn Constellations,,
2165,神崎蘭子,真壁瑞希,月村手毬,境界を超える絆,,
2166,神崎蘭子,真壁瑞希,藤田ことね,境界を超える絆,,
2167,神崎蘭子,真壁瑞希,紫雲清夏,境界を超える絆,,
2168,神崎蘭子,周防桃子,天道輝,境界を超える絆,,
2169,神崎蘭子,周防桃子,桜庭薫,百花繚乱,,
2170,神崎蘭子,周防桃子,柏木翼,百花繚乱,,
2171,神崎蘭子,周防桃子,硲道夫,境界を超える絆,,
2172,神崎蘭子,周防桃子,櫻木真乃,百花繚乱,,
2173,神崎蘭子,周防桃子,風野灯織,境界を超える絆,,
2174,神崎蘭子,周防桃子,八宮めぐる,境界を超える絆,,
2175,神崎蘭子,周防桃子,小宮果穂,境界を超える絆,,
2176,神崎蘭子,周防桃子,花海咲季,百花繚乱,,
2177,神崎蘭子,周防桃子,月村手毬,境界を超える絆,,
2178,神崎蘭子,周防桃子,藤田ことね,百花繚乱,,
2179,神崎蘭子,周防桃子,紫雲清夏,境界を超える絆,,
2180,神崎蘭子,天道輝,桜庭薫,境界を超える絆,,
2181,神崎蘭子,天道輝,柏木翼,境界を超える絆,,
2182,神崎蘭子,天道輝,硲道夫,Autumn Constellations,,
2183,神崎蘭子,桜庭薫,柏木翼,百花繚乱,,
2184,神崎蘭子,桜庭薫,硲道夫,境界を超える絆,,
2185,神崎蘭子,柏木翼,硲道夫,境界を超える絆,,
2186,神崎蘭子,天道輝,櫻木真乃,境界を超える絆,,
2187,神崎蘭子,天道輝,風野灯織,Autumn Constellations,,
2188,神崎蘭子,天道輝,八宮めぐる,境界を超える絆,,
2189,神崎蘭子,天道輝,小宮果穂,境界を超える絆,,
2190,神崎蘭子,天道輝,花海咲季,Autumn Constellations,,
2191,神崎蘭子,天道輝,月村手毬,境界を超える絆,,
2192,神崎蘭子,天道輝,藤田ことね,境界を超える絆,,
2193,神崎蘭子,天道輝,紫雲清夏,境界を超える絆,,
2194,神崎蘭子,桜庭薫,櫻木真乃,BLOOD TYPE A,百花繚乱,
2195,神崎蘭子,桜庭薫,風野灯織,BLOOD TYPE A,,
2196,神崎蘭子,桜庭薫,八宮めぐる,境界を超える絆,,
2197,神崎蘭子,桜庭薫,小宮果穂,BLOOD TYPE A,,
2198,神崎蘭子,桜庭薫,花海咲季,BLOOD TYPE A,百花繚乱,
2199,神崎蘭子,桜庭薫,月村手毬,境界を超える絆,,
2200,神崎蘭子,桜庭薫,藤田ことね,百花繚乱,,
2201,神崎蘭子,桜庭薫,紫雲清夏,境界を超える絆,,
2202,神崎蘭子,柏木翼,櫻木真乃,百花繚乱,,
2203,神崎蘭子,柏木翼,風野灯織,境界を超える絆,,
2204,神崎蘭子,柏木翼,八宮めぐる,境界を超える絆,,
2205,神崎蘭子,柏木翼,小宮果穂,境界を超える絆,,
2206,神崎蘭子,柏木翼,花海咲季,百花繚乱,,
2207,神崎蘭子,柏木翼,月村手毬,境界を超える絆,,
2208,神崎蘭子,柏木翼,藤田ことね,百花繚乱,,
2209,神崎蘭子,柏木翼,紫雲清夏,境界を超える絆,,
2210,神崎蘭子,硲道夫,櫻木真乃,境界を超える絆,,
2211,神崎蘭子,硲道夫,風野灯織,Autumn Constellations,,
2212,神崎蘭子,硲道夫,八宮めぐる,境界を超える絆,,
2213,神崎蘭子,硲道夫,小宮果穂,境界を超える絆,,
2214,神崎蘭子,硲道夫,花海咲季,Autumn Constellations,,
2215,神崎蘭子,硲道夫,月村手毬,境界を超える絆,,
2216,神崎蘭子,硲道夫,藤田ことね,境界を超える絆,,
2217,神崎蘭子,硲道夫,紫雲清夏,境界を超える絆,,
2218,神崎蘭子,櫻木真乃,風野灯織,BLOOD TYPE A,,
2219,神崎蘭子,櫻木真乃,八宮めぐる,境界を超える絆,,
2220,神崎蘭子,櫻木真乃,小宮果穂,BLOOD TYPE A,,
2221,神崎蘭子,風野灯織,八宮めぐる,境界を超える絆,,
2222,神崎蘭子,風野灯織,小宮果穂,BLOOD TYPE A,,
2223,神崎蘭子,八宮めぐる,小宮果穂,境界を超える絆,,
2224,神崎蘭子,櫻木真乃,花海咲季,BLOOD TYPE A,Birth of April,百花繚乱
2225,神崎蘭子,櫻木真乃,月村手毬,境界を超える絆,,
2226,神崎蘭子,櫻木真乃,藤田ことね,Birth of April,百花繚乱,
2227,神崎蘭子,櫻木真乃,紫雲清夏,境界を超える絆,,
2228,神崎蘭子,風野灯織,花海咲季,BLOOD TYPE A,Autumn Constellations,
2229,神崎蘭子,風野灯織,月村手毬,境界を超える絆,,
2230,神崎蘭子,風野灯織,藤田ことね,境界を超える絆,,
2231,神崎蘭子,風野灯織,紫雲清夏,境界を超える絆,,
2232,神崎蘭子,八宮めぐる,花海咲季,境界を超える絆,,
2233,神崎蘭子,八宮めぐる,月村手毬,境界を超える絆,,
2234,神崎蘭子,八宮めぐる,藤田ことね,境界を超える絆,,
2235,神崎蘭子,八宮めぐる,紫雲清夏,境界を超える絆,,
2236,神崎蘭子,小宮果穂,花海咲季,BLOOD TYPE A,,
2237,神崎蘭子,小宮果穂,月村手毬,境界を超える絆,,
2238,神崎蘭子,小宮果穂,藤田ことね,境界を超える絆,,
2239,神崎蘭子,小宮果穂,紫雲清夏,境界を超える絆,,
2240,神崎蘭子,花海咲季,月村手毬,境界を超える絆,,
2241,神崎蘭子,花海咲季,藤田ことね,Birth of April,百花繚乱,
2242,神崎蘭子,花海咲季,紫雲清夏,境界を超える絆,,
2243,神崎蘭子,月村手毬,藤田ことね,境界を超える絆,,
2244,神崎蘭子,月村手毬,紫雲清夏,境界を超える絆,,
2245,神崎蘭子,藤田ことね,紫雲清夏,境界を超える絆,,
2246,春日未来,最上静香,伊吹翼,100万パワー,ジュニアハイスクールガールズ,Spring Constellations
2247,春日未来,最上静香,真壁瑞希,100万パワー,,
2248,春日未来,最上静香,周防桃子,100万パワー,,
2249,春日未来,伊吹翼,真壁瑞希,100万パワー,,
2250,春日未来,伊吹翼,周防桃子,100万パワー,,
2251,春日未来,真壁瑞希,周防桃子,100万パワー,,
2252,最上静香,伊吹翼,真壁瑞希,100万パワー,,
2253,最上静香,伊吹翼,周防桃子,100万パワー,,
2254,最上静香,真壁瑞希,周防桃子,100万パワー,,
2255,伊吹翼,真壁瑞希,周防桃子,100万パワー,BLOOD TYPE B,
2256,春日未来,最上静香,天道輝,境界を超える絆,,
2257,春日未来,最上静香,桜庭薫,境界を超える絆,,
2258,春日未来,最上静香,柏木翼,境界を超える絆,,
2259,春日未来,最上静香,硲道夫,境界を超える絆,,
2260,春日未来,最上静香,櫻木真乃,境界を超える絆,,
2261,春日未来,最上静香,風野灯織,境界を超える絆,,
2262,春日未来,最上静香,八宮めぐる,Spring Constellations,,
2263,春日未来,最上静香,小宮果穂,Spring Constellations,,
2264,春日未来,最上静香,花海咲季,境界を超える絆,,
2265,春日未来,最上静香,月村手毬,境界を超える絆,,
2266,春日未来,最上静香,藤田ことね,境界を超える絆,,
2267,春日未来,最上静香,紫雲清夏,境界を超える絆,,
2268,春日未来,伊吹翼,天道輝,境界を超える絆,,
2269,春日未来,伊吹翼,桜庭薫,境界を超える絆,,
2270,春日未来,伊吹翼,柏木翼,境界を超える絆,,
2271,春日未来,伊吹翼,硲道夫,境界を超える絆,,
2272,春日未来,伊吹翼,櫻木真乃,境界を超える絆,,
2273,春日未来,伊吹翼,風野灯織,境界を超える絆,,
2274,春日未来,伊吹翼,八宮めぐる,Spring Constellations,,
2275,春日未来,伊吹翼,小宮果穂,Spring Constellations,,
2276,春日未来,伊吹翼,花海咲季,境界を超える絆,,
2277,春日未来,伊吹翼,月村手毬,境界を超える絆,,
2278,春日未来,伊吹翼,藤田ことね,境界を超える絆,,
2279,春日未来,伊吹翼,紫雲清夏,境界を超える絆,,
2280,春日未来,真壁瑞希,天道輝,境界を超える絆,,
2281,春日未来,真壁瑞希,桜庭薫,境界を超える絆,,
2282,春日未来,真壁瑞希,柏木翼,境界を超える絆,,
2283,春日未来,真壁瑞希,硲道夫,境界を超える絆,,
2284,春日未来,真壁瑞希,櫻木真乃,境界を超える絆,,
2285,春日未来,真壁瑞希,風野灯織,境界を超える絆,,
2286,春日未来,真壁瑞希,八宮めぐる,境界を超える絆,,
2287,春日未来,真壁瑞希,小宮果穂,境界を超える絆,,
2288,春日未来,真壁瑞希,花海咲季,境界を超える絆,,
2289,春日未来,真壁瑞希,月村手毬,境界を超える絆,,
2290,春日未来,真壁瑞希,藤田ことね,境界を超える絆,,
2291,春日未来,真壁瑞希,紫雲清夏,境界を超える絆,,
2292,春日未来,周防桃子,天道輝,境界を超える絆,,
2293,春日未来,周防桃子,桜庭薫,境界を超える絆,,
2294,春日未来,周防桃子,柏木翼,境界を超える絆,,
2295,春日未来,周防桃子,硲道夫,境界を超える絆,,
2296,春日未来,周防桃子,櫻木真乃,境界を超える絆,,
2297,春日未来,周防桃子,風野灯織,境界を超える絆,,
2298,春日未来,周防桃子,八宮めぐる,境界を超える絆,,
2299,春日未来,周防桃子,小宮果穂,境界を超える絆,,
2300,春日未来,周防桃子,花海咲季,境界を超える絆,,
2301,春日未来,周防桃子,月村手毬,境界を超える絆,,
2302,春日未来,周防桃子,藤田ことね,境界を超える絆,,
2303,春日未来,周防桃子,紫雲清夏,境界を超える絆,,
2304,最上静香,伊吹翼,天道輝,境界を超える絆,,
2305,最上静香,伊吹翼,桜庭薫,境界を超える絆,,
2306,最上静香,伊吹翼,柏木翼,境界を超える絆,,
2307,最上静香,伊吹翼,硲道夫,境界を超える絆,,
2308,最上静香,伊吹翼,櫻木真乃,境界を超える絆,,
2309,最上静香,伊吹翼,風野灯織,境界を超える絆,,
2310,最上静香,伊吹翼,八宮めぐる,Spring Constellations,,
2311,最上静香,伊吹翼,小宮果穂,Spring Constellations,,
2312,最上静香,伊吹翼,花海咲季,境界を超える絆,,
2313,最上静香,伊吹翼,月村手毬,境界を超える絆,,
2314,最上静香,伊吹翼,藤田ことね,境界を超える絆,,
2315,最上静香,伊吹翼,紫雲清夏,境界を超える絆,,
2316,最上静香,真壁瑞希,天道輝,境界を超える絆,,
2317,最上静香,真壁瑞希,桜庭薫,境界を超える絆,,
2318,最上静香,真壁瑞希,柏木翼,境界を超える絆,,
2319,最上静香,真壁瑞希,硲道夫,境界を超える絆,,
2320,最上静香,真壁瑞希,櫻木真乃,境界を超える絆,,
2321,最上静香,真壁瑞希,風野灯織,境界を超える絆,,
2322,最上静香,真壁瑞希,八宮めぐる,境界を超える絆,,
2323,最上静香,真壁瑞希,小宮果穂,境界を超える絆,,
2324,最上静香,真壁瑞希,花海咲季,境界を超える絆,,
2325,最上静香,真壁瑞希,月村手毬,境界を超える絆,,
2326,最上静香,真壁瑞希,藤田ことね,境界を超える絆,,
2327,最上静香,真壁瑞希,紫雲清夏,境界を超える絆,,
2328,最上静香,周防桃子,天道輝,境界を超える絆,,
2329,最上静香,周防桃子,桜庭薫,境界を超える絆,,
2330,最上静香,周防桃子,柏木翼,境界を超える絆,,
2331,最上静香,周防桃子,硲道夫,境界を超える絆,,
2332,最上静香,周防桃子,櫻木真乃,境界を超える絆,,
2333,最上静香,周防桃子,風野灯織,境界を超える絆,,
2334,最上静香,周防桃子,八宮めぐる,境界を超える絆,,
2335,最上静香,周防桃子,小宮果穂,境界を超える絆,,
2336,最上静香,周防桃子,花海咲季,境界を超える絆,,
2337,最上静香,周防桃子,月村手毬,境界を超える絆,,
2338,最上静香,周防桃子,藤田ことね,境界を超える絆,,
2339,最上静香,周防桃子,紫雲清夏,境界を超える絆,,
2340,伊吹翼,真壁瑞希,天道輝,BLOOD TYPE B,,
2341,伊吹翼,真壁瑞希,桜庭薫,境界を超える絆,,
2342,伊吹翼,真壁瑞希,柏木翼,境界を超える絆,,
2343,伊吹翼,真壁瑞希,硲道夫,境界を超える絆,,
2344,伊吹翼,真壁瑞希,櫻木真乃,境界を超える絆,,
2345,伊吹翼,真壁瑞希,風野灯織,境界を超える絆,,
2346,伊吹翼,真壁瑞希,八宮めぐる,境界を超える絆,,
2347,伊吹翼,真壁瑞希,小宮果穂,境界を超える絆,,
2348,伊吹翼,真壁瑞希,花海咲季,境界を超える絆,,
2349,伊吹翼,真壁瑞希,月村手毬,境界を超える絆,,
2350,伊吹翼,真壁瑞希,藤田ことね,境界を超える絆,,
2351,伊吹翼,真壁瑞希,紫雲清夏,境界を超える絆,,
2352,伊吹翼,周防桃子,天道輝,BLOOD TYPE B,,
2353,伊吹翼,周防桃子,桜庭薫,境界を超える絆,,
2354,伊吹翼,周防桃子,柏木翼,境界を超える絆,,
2355,伊吹翼,周防桃子,硲道夫,境界を超える絆,,
2356,伊吹翼,周防桃子,櫻木真乃,境界を超える絆,,
2357,伊吹翼,周防桃子,風野灯織,境界を超える絆,,
2358,伊吹翼,周防桃子,八宮めぐる,境界を超える絆,,
2359,伊吹翼,周防桃子,小宮果穂,境界を超える絆,,
2360,伊吹翼,周防桃子,花海咲季,境界を超える絆,,
2361,伊吹翼,周防桃子,月村手毬,境界を超える絆,,
2362,伊吹翼,周防桃子,藤田ことね,境界を超える絆,,
2363,伊吹翼,周防桃子,紫雲清夏,境界を超える絆,,
2364,真壁瑞希,周防桃子,天道輝,BLOOD TYPE B,,
2365,真壁瑞希,周防桃子,桜庭薫,境界を超える絆,,
2366,真壁瑞希,周防桃子,柏木翼,境界を超える絆,,
2367,真壁瑞希,周防桃子,硲道夫,境界を超える絆,,
2368,真壁瑞希,周防桃子,櫻木真乃,境界を超える絆,,
2369,真壁瑞希,周防桃子,風野灯織,境界を超える絆,,
2370,真壁瑞希,周防桃子,八宮めぐる,境界を超える絆,,
2371,真壁瑞希,周防桃子,小宮果穂,境界を超える絆,,
2372,真壁瑞希,周防桃子,花海咲季,境界を超える絆,,
2373,真壁瑞希,周防桃子,月村手毬,境界を超える絆,,
2374,真壁瑞希,周防桃子,藤田ことね,境界を超える絆,,
2375,真壁瑞希,周防桃子,紫雲清夏,境界を超える絆,,
2376,春日未来,天道輝,桜庭薫,境界を超える絆,,
2377,春日未来,天道輝,柏木翼,境界を超える絆,,
2378,春日未来,天道輝,硲道夫,境界を超える絆,,
2379,春日未来,桜庭薫,柏木翼,境界を超える絆,,
2380,春日未来,桜庭薫,硲道夫,境界を超える絆,,
2381,春日未来,柏木翼,硲道夫,境界を超える絆,,
2382,春日未来,天道輝,櫻木真乃,Brilliant World,,
2383,春日未来,天道輝,風野灯織,境界を超える絆,,
2384,春日未来,天道輝,八宮めぐる,境界を超える絆,,
2385,春日未来,天道輝,小宮果穂,境界を超える絆,,
2386,春日未来,天道輝,花海咲季,Brilliant World,,
2387,春日未来,天道輝,月村手毬,境界を超える絆,,
2388,春日未来,天道輝,藤田ことね,境界を超える絆,,
2389,春日未来,天道輝,紫雲清夏,境界を超える絆,,
2390,春日未来,桜庭薫,櫻木真乃,境界を超える絆,,
2391,春日未来,桜庭薫,風野灯織,境界を超える絆,,
2392,春日未来,桜庭薫,八宮めぐる,境界を超える絆,,
2393,春日未来,桜庭薫,小宮果穂,境界を超える絆,,
2394,春日未来,桜庭薫,花海咲季,境界を超える絆,,
2395,春日未来,桜庭薫,月村手毬,境界を超える絆,,
2396,春日未来,桜庭薫,藤田ことね,境界を超える絆,,
2397,春日未来,桜庭薫,紫雲清夏,境界を超える絆,,
2398,春日未来,柏木翼,櫻木真乃,境界を超える絆,,
2399,春日未来,柏木翼,風野灯織,境界を超える絆,,
2400,春日未来,柏木翼,八宮めぐる,BLOOD TYPE O,,
2401,春日未来,柏木翼,小宮果穂,境界を超える絆,,
2402,春日未来,柏木翼,花海咲季,境界を超える絆,,
2403,春日未来,柏木翼,月村手毬,Birth of June,,
2404,春日未来,柏木翼,藤田ことね,BLOOD TYPE O,,
2405,春日未来,柏木翼,紫雲清夏,BLOOD TYPE O,,
2406,春日未来,硲道夫,櫻木真乃,境界を超える絆,,
2407,春日未来,硲道夫,風野灯織,境界を超える絆,,
2408,春日未来,硲道夫,八宮めぐる,境界を超える絆,,
2409,春日未来,硲道夫,小宮果穂,境界を超える絆,,
2410,春日未来,硲道夫,花海咲季,境界を超える絆,,
2411,春日未来,硲道夫,月村手毬,境界を超える絆,,
2412,春日未来,硲道夫,藤田ことね,境界を超える絆,,
2413,春日未来,硲道夫,紫雲清夏,境界を超える絆,,
2414,春日未来,櫻木真乃,風野灯織,境界を超える絆,,
2415,春日未来,櫻木真乃,八宮めぐる,境界を超える絆,,
2416,春日未来,櫻木真乃,小宮果穂,境界を超える絆,,
2417,春日未来,風野灯織,八宮めぐる,境界を超える絆,,
2418,春日未来,風野灯織,小宮果穂,境界を超える絆,,
2419,春日未来,八宮めぐる,小宮果穂,Spring Constellations,,
2420,春日未来,櫻木真乃,花海咲季,Brilliant World,,
2421,春日未来,櫻木真乃,月村手毬,境界を超える絆,,
2422,春日未来,櫻木真乃,藤田ことね,境界を超える絆,,
2423,春日未来,櫻木真乃,紫雲清夏,境界を超える絆,,
2424,春日未来,風野灯織,花海咲季,境界を超える絆,,
2425,春日未来,風野灯織,月村手毬,境界を超える絆,,
2426,春日未来,風野灯織,藤田ことね,境界を超える絆,,
2427,春日未来,風野灯織,紫雲清夏,境界を超える絆,,
2428,春日未来,八宮めぐる,花海咲季,境界を超える絆,,
2429,春日未来,八宮めぐる,月村手毬,境界を超える絆,,
2430,春日未来,八宮めぐる,藤田ことね,BLOOD TYPE O,,
2431,春日未来,八宮めぐる,紫雲清夏,BLOOD TYPE O,,
2432,春日未来,小宮果穂,花海咲季,境界を超える絆,,
2433,春日未来,小宮果穂,月村手毬,境界を超える絆,,
2434,春日未来,小宮果穂,藤田ことね,境界を超える絆,,
2435,春日未来,小宮果穂,紫雲清夏,境界を超える絆,,
2436,春日未来,花海咲季,月村手毬,境界を超える絆,,
2437,春日未来,花海咲季,藤田ことね,境界を超える絆,,
2438,春日未来,花海咲季,紫雲清夏,境界を超える絆,,
2439,春日未来,月村手毬,藤田ことね,境界を超える絆,,
2440,春日未来,月村手毬,紫雲清夏,境界を超える絆,,
2441,春日未来,藤田ことね,紫雲清夏,BLOOD TYPE O,,
2442,最上静香,天道輝,桜庭薫,境界を超える絆,,
2443,最上静香,天道輝,柏木翼,境界を超える絆,,
2444,最上静香,天道輝,硲道夫,境界を超える絆,,
2445,最上静香,桜庭薫,柏木翼,境界を超える絆,,
2446,最上静香,桜庭薫,硲道夫,境界を超える絆,,
2447,最上静香,柏木翼,硲道夫,境界を超える絆,,
2448,最上静香,天道輝,櫻木真乃,境界を超える絆,,
2449,最上静香,天道輝,風野灯織,境界を超える絆,,
2450,最上静香,天道輝,八宮めぐる,境界を超える絆,,
2451,最上静香,天道輝,小宮果穂,境界を超える絆,,
2452,最上静香,天道輝,花海咲季,境界を超える絆,,
2453,最上静香,天道輝,月村手毬,境界を超える絆,,
2454,最上静香,天道輝,藤田ことね,境界を超える絆,,
2455,最上静香,天道輝,紫雲清夏,境界を超える絆,,
2456,最上静香,桜庭薫,櫻木真乃,BLOOD TYPE A,,
2457,最上静香,桜庭薫,風野灯織,Fantasy Scenery,BLOOD TYPE A,
2458,最上静香,桜庭薫,八宮めぐる,境界を超える絆,,
2459,最上静香,桜庭薫,小宮果穂,BLOOD TYPE A,,
2460,最上静香,桜庭薫,花海咲季,BLOOD TYPE A,,
2461,最上静香,桜庭薫,月村手毬,Fantasy Scenery,,
2462,最上静香,桜庭薫,藤田ことね,境界を超える絆,,
2463,最上静香,桜庭薫,紫雲清夏,境界を超える絆,,
2464,最上静香,柏木翼,櫻木真乃,境界を超える絆,,
2465,最上静香,柏木翼,風野灯織,境界を超える絆,,
2466,最上静香,柏木翼,八宮めぐる,境界を超える絆,,
2467,最上静香,柏木翼,小宮果穂,境界を超える絆,,
2468,最上静香,柏木翼,花海咲季,境界を超える絆,,
2469,最上静香,柏木翼,月村手毬,境界を超える絆,,
2470,最上静香,柏木翼,藤田ことね,境界を超える絆,,
2471,最上静香,柏木翼,紫雲清夏,境界を超える絆,,
2472,最上静香,硲道夫,櫻木真乃,境界を超える絆,,
2473,最上静香,硲道夫,風野灯織,境界を超える絆,,
2474,最上静香,硲道夫,八宮めぐる,境界を超える絆,,
2475,最上静香,硲道夫,小宮果穂,境界を超える絆,,
2476,最上静香,硲道夫,花海咲季,境界を超える絆,,
2477,最上静香,硲道夫,月村手毬,境界を超える絆,,
2478,最上静香,硲道夫,藤田ことね,境界を超える絆,,
2479,最上静香,硲道夫,紫雲清夏,境界を超える絆,,
2480,最上静香,櫻木真乃,風野灯織,BLOOD TYPE A,,
2481,最上静香,櫻木真乃,八宮めぐる,境界を超える絆,,
2482,最上静香,櫻木真乃,小宮果穂,BLOOD TYPE A,,
2483,最上静香,風野灯織,八宮めぐる,境界を超える絆,,
2484,最上静香,風野灯織,小宮果穂,BLOOD TYPE A,,
2485,最上静香,八宮めぐる,小宮果穂,Spring Constellations,,
2486,最上静香,櫻木真乃,花海咲季,BLOOD TYPE A,,
2487,最上静香,櫻木真乃,月村手毬,境界を超える絆,,
2488,最上静香,櫻木真乃,藤田ことね,境界を超える絆,,
2489,最上静香,櫻木真乃,紫雲清夏,境界を超える絆,,
2490,最上静香,風野灯織,花海咲季,BLOOD TYPE A,,
2491,最上静香,風野灯織,月村手毬,Fantasy Scenery,,
2492,最上静香,風野灯織,藤田ことね,境界を超える絆,,
2493,最上静香,風野灯織,紫雲清夏,境界を超える絆,,
2494,最上静香,八宮めぐる,花海咲季,境界を超える絆,,
2495,最上静香,八宮めぐる,月村手毬,境界を超える絆,,
2496,最上静香,八宮めぐる,藤田ことね,境界を超える絆,,
2497,最上静香,八宮めぐる,紫雲清夏,境界を超える絆,,
2498,最上静香,小宮果穂,花海咲季,BLOOD TYPE A,,
2499,最上静香,小宮果穂,月村手毬,境界を超える絆,,
2500,最上静香,小宮果穂,藤田ことね,境界を超える絆,,
2501,最上静香,小宮果穂,紫雲清夏,境界を超える絆,,
2502,最上静香,花海咲季,月村手毬,境界を超える絆,,
2503,最上静香,花海咲季,藤田ことね,境界を超える絆,,
2504,最上静香,花海咲季,紫雲清夏,境界を超える絆,,
2505,最上静香,月村手毬,藤田ことね,境界を超える絆,,
2506,最上静香,月村手毬,紫雲清夏,境界を超える絆,,
2507,最上静香,藤田ことね,紫雲清夏,境界を超える絆,,
2508,伊吹翼,天道輝,桜庭薫,境界を超える絆,,
2509,伊吹翼,天道輝,柏木翼,境界を超える絆,,
2510,伊吹翼,天道輝,硲道夫,境界を超える絆,,
2511,伊吹翼,桜庭薫,柏木翼,境界を超える絆,,
2512,伊吹翼,桜庭薫,硲道夫,境界を超える絆,,
2513,伊吹翼,柏木翼,硲道夫,左の手に宿る才,,
2514,伊吹翼,天道輝,櫻木真乃,境界を超える絆,,
2515,伊吹翼,天道輝,風野灯織,境界を超える絆,,
2516,伊吹翼,天道輝,八宮めぐる,境界を超える絆,,
2517,伊吹翼,天道輝,小宮果穂,境界を超える絆,,
2518,伊吹翼,天道輝,花海咲季,境界を超える絆,,
2519,伊吹翼,天道輝,月村手毬,境界を超える絆,,
2520,伊吹翼,天道輝,藤田ことね,境界を超える絆,,
2521,伊吹翼,天道輝,紫雲清夏,境界を超える絆,,
2522,伊吹翼,桜庭薫,櫻木真乃,境界を超える絆,,
2523,伊吹翼,桜庭薫,風野灯織,境界を超える絆,,
2524,伊吹翼,桜庭薫,八宮めぐる,境界を超える絆,,
2525,伊吹翼,桜庭薫,小宮果穂,境界を超える絆,,
2526,伊吹翼,桜庭薫,花海咲季,境界を超える絆,,
2527,伊吹翼,桜庭薫,月村手毬,境界を超える絆,,
2528,伊吹翼,桜庭薫,藤田ことね,境界を超える絆,,
2529,伊吹翼,桜庭薫,紫雲清夏,境界を超える絆,,
2530,伊吹翼,柏木翼,櫻木真乃,境界を超える絆,,
2531,伊吹翼,柏木翼,風野灯織,境界を超える絆,,
2532,伊吹翼,柏木翼,八宮めぐる,Dazzling Garden,,
2533,伊吹翼,柏木翼,小宮果穂,境界を超える絆,,
2534,伊吹翼,柏木翼,花海咲季,左の手に宿る才,,
2535,伊吹翼,柏木翼,月村手毬,境界を超える絆,,
2536,伊吹翼,柏木翼,藤田ことね,Dazzling Garden,,
2537,伊吹翼,柏木翼,紫雲清夏,左の手に宿る才,,
2538,伊吹翼,硲道夫,櫻木真乃,境界を超える絆,,
2539,伊吹翼,硲道夫,風野灯織,境界を超える絆,,
2540,伊吹翼,硲道夫,八宮めぐる,境界を超える絆,,
2541,伊吹翼,硲道夫,小宮果穂,境界を超える絆,,
2542,伊吹翼,硲道夫,花海咲季,左の手に宿る才,,
2543,伊吹翼,硲道夫,月村手毬,境界を超える絆,,
2544,伊吹翼,硲道夫,藤田ことね,境界を超える絆,,
2545,伊吹翼,硲道夫,紫雲清夏,左の手に宿る才,,
2546,伊吹翼,櫻木真乃,風野灯織,境界を超える絆,,
2547,伊吹翼,櫻木真乃,八宮めぐる,境界を超える絆,,
2548,伊吹翼,櫻木真乃,小宮果穂,境界を超える絆,,
2549,伊吹翼,風野灯織,八宮めぐる,境界を超える絆,,
2550,伊吹翼,風野灯織,小宮果穂,境界を超える絆,,
2551,伊吹翼,八宮めぐる,小宮果穂,Spring Constellations,Birth of July,
2552,伊吹翼,櫻木真乃,花海咲季,境界を超える絆,,
2553,伊吹翼,櫻木真乃,月村手毬,境界を超える絆,,
2554,伊吹翼,櫻木真乃,藤田ことね,境界を超える絆,,
2555,伊吹翼,櫻木真乃,紫雲清夏,境界を超える絆,,
2556,伊吹翼,風野灯織,花海咲季,境界を超える絆,,
2557,伊吹翼,風野灯織,月村手毬,境界を超える絆,,
2558,伊吹翼,風野灯織,藤田ことね,境界を超える絆,,
2559,伊吹翼,風野灯織,紫雲清夏,境界を超える絆,,
2560,伊吹翼,八宮めぐる,花海咲季,境界を超える絆,,
2561,伊吹翼,八宮めぐる,月村手毬,境界を超える絆,,
2562,伊吹翼,八宮めぐる,藤田ことね,Dazzling Garden,,
2563,伊吹翼,八宮めぐる,紫雲清夏,境界を超える絆,,
2564,伊吹翼,小宮果穂,花海咲季,境界を超える絆,,
2565,伊吹翼,小宮果穂,月村手毬,境界を超える絆,,
2566,伊吹翼,小宮果穂,藤田ことね,境界を超える絆,,
2567,伊吹翼,小宮果穂,紫雲清夏,境界を超える絆,,
2568,伊吹翼,花海咲季,月村手毬,境界を超える絆,,
2569,伊吹翼,花海咲季,藤田ことね,境界を超える絆,,
2570,伊吹翼,花海咲季,紫雲清夏,左の手に宿る才,,
2571,伊吹翼,月村手毬,藤田ことね,境界を超える絆,,
2572,伊吹翼,月村手毬,紫雲清夏,境界を超える絆,,
2573,伊吹翼,藤田ことね,紫雲清夏,境界を超える絆,,
2574,真壁瑞希,天道輝,桜庭薫,境界を超える絆,,
2575,真壁瑞希,天道輝,柏木翼,境界を超える絆,,
2576,真壁瑞希,天道輝,硲道夫,Autumn Constellations,,
2577,真壁瑞希,桜庭薫,柏木翼,境界を超える絆,,
2578,真壁瑞希,桜庭薫,硲道夫,境界を超える絆,,
2579,真壁瑞希,柏木翼,硲道夫,境界を超える絆,,
2580,真壁瑞希,天道輝,櫻木真乃,境界を超える絆,,
2581,真壁瑞希,天道輝,風野灯織,Autumn Constellations,,
2582,真壁瑞希,天道輝,八宮めぐる,境界を超える絆,,
2583,真壁瑞希,天道輝,小宮果穂,境界を超える絆,,
2584,真壁瑞希,天道輝,花海咲季,Autumn Constellations,,
2585,真壁瑞希,天道輝,月村手毬,境界を超える絆,,
2586,真壁瑞希,天道輝,藤田ことね,境界を超える絆,,
2587,真壁瑞希,天道輝,紫雲清夏,境界を超える絆,,
2588,真壁瑞希,桜庭薫,櫻木真乃,境界を超える絆,,
2589,真壁瑞希,桜庭薫,風野灯織,境界を超える絆,,
2590,真壁瑞希,桜庭薫,八宮めぐる,境界を超える絆,,
2591,真壁瑞希,桜庭薫,小宮果穂,境界を超える絆,,
2592,真壁瑞希,桜庭薫,花海咲季,境界を超える絆,,
2593,真壁瑞希,桜庭薫,月村手毬,境界を超える絆,,
2594,真壁瑞希,桜庭薫,藤田ことね,境界を超える絆,,
2595,真壁瑞希,桜庭薫,紫雲清夏,境界を超える絆,,
2596,真壁瑞希,柏木翼,櫻木真乃,境界を超える絆,,
2597,真壁瑞希,柏木翼,風野灯織,境界を超える絆,,
2598,真壁瑞希,柏木翼,八宮めぐる,境界を超える絆,,
2599,真壁瑞希,柏木翼,小宮果穂,境界を超える絆,,
2600,真壁瑞希,柏木翼,花海咲季,境界を超える絆,,
2601,真壁瑞希,柏木翼,月村手毬,境界を超える絆,,
2602,真壁瑞希,柏木翼,藤田ことね,境界を超える絆,,
2603,真壁瑞希,柏木翼,紫雲清夏,境界を超える絆,,
2604,真壁瑞希,硲道夫,櫻木真乃,境界を超える絆,,
2605,真壁瑞希,硲道夫,風野灯織,Autumn Constellations,,
2606,真壁瑞希,硲道夫,八宮めぐる,境界を超える絆,,
2607,真壁瑞希,硲道夫,小宮果穂,境界を超える絆,,
2608,真壁瑞希,硲道夫,花海咲季,Autumn Constellations,,
2609,真壁瑞希,硲道夫,月村手毬,境界を超える絆,,
2610,真壁瑞希,硲道夫,藤田ことね,境界を超える絆,,
2611,真壁瑞希,硲道夫,紫雲清夏,境界を超える絆,,
2612,真壁瑞希,櫻木真乃,風野灯織,ハイスクールガールズ,,
2613,真壁瑞希,櫻木真乃,八宮めぐる,ハイスクールガールズ,,
2614,真壁瑞希,櫻木真乃,小宮果穂,境界を超える絆,,
2615,真壁瑞希,風野灯織,八宮めぐる,ハイスクールガールズ,,
2616,真壁瑞希,風野灯織,小宮果穂,境界を超える絆,,
2617,真壁瑞希,八宮めぐる,小宮果穂,境界を超える絆,,
2618,真壁瑞希,櫻木真乃,花海咲季,ハイスクールガールズ,,
2619,真壁瑞希,櫻木真乃,月村手毬,ハイスクールガールズ,,
2620,真壁瑞希,櫻木真乃,藤田ことね,ハイスクールガールズ,,
2621,真壁瑞希,櫻木真乃,紫雲清夏,ハイスクールガールズ,,
2622,真壁瑞希,風野灯織,花海咲季,ハイスクールガールズ,Autumn Constellations,
2623,真壁瑞希,風野灯織,月村手毬,ハイスクールガールズ,,
2624,真壁瑞希,風野灯織,藤田ことね,ハイスクールガールズ,,
2625,真壁瑞希,風野灯織,紫雲清夏,ハイスクールガールズ,,
2626,真壁瑞希,八宮めぐる,花海咲季,ハイスクールガールズ,,
2627,真壁瑞希,八宮めぐる,月村手毬,ハイスクールガールズ,,
2628,真壁瑞希,八宮めぐる,藤田ことね,ハイスクールガールズ,,
2629,真壁瑞希,八宮めぐる,紫雲清夏,ハイスクールガールズ,,
2630,真壁瑞希,小宮果穂,花海咲季,境界を超える絆,,
2631,真壁瑞希,小宮果穂,月村手毬,境界を超える絆,,
2632,真壁瑞希,小宮果穂,藤田ことね,境界を超える絆,,
2633,真壁瑞希,小宮果穂,紫雲清夏,境界を超える絆,,
2634,真壁瑞希,花海咲季,月村手毬,ハイスクールガールズ,,
2635,真壁瑞希,花海咲季,藤田ことね,ハイスクールガールズ,,
2636,真壁瑞希,花海咲季,紫雲清夏,ハイスクールガールズ,,
2637,真壁瑞希,月村手毬,藤田ことね,ハイスクールガールズ,,
2638,真壁瑞希,月村手毬,紫雲清夏,ハイスクールガールズ,,
2639,真壁瑞希,藤田ことね,紫雲清夏,ハイスクールガールズ,,
2640,周防桃子,天道輝,桜庭薫,境界を超える絆,,
2641,周防桃子,天道輝,柏木翼,境界を超える絆,,
2642,周防桃子,天道輝,硲道夫,境界を超える絆,,
2643,周防桃子,桜庭薫,柏木翼,百花繚乱,,
2644,周防桃子,桜庭薫,硲道夫,境界を超える絆,,
2645,周防桃子,柏木翼,硲道夫,境界を超える絆,,
2646,周防桃子,天道輝,櫻木真乃,境界を超える絆,,
2647,周防桃子,天道輝,風野灯織,境界を超える絆,,
2648,周防桃子,天道輝,八宮めぐる,境界を超える絆,,
2649,周防桃子,天道輝,小宮果穂,境界を超える絆,,
2650,周防桃子,天道輝,花海咲季,境界を超える絆,,
2651,周防桃子,天道輝,月村手毬,境界を超える絆,,
2652,周防桃子,天道輝,藤田ことね,境界を超える絆,,
2653,周防桃子,天道輝,紫雲清夏,境界を超える絆,,
2654,周防桃子,桜庭薫,櫻木真乃,百花繚乱,,
2655,周防桃子,桜庭薫,風野灯織,境界を超える絆,,
2656,周防桃子,桜庭薫,八宮めぐる,境界を超える絆,,
2657,周防桃子,桜庭薫,小宮果穂,境界を超える絆,,
2658,周防桃子,桜庭薫,花海咲季,百花繚乱,,
2659,周防桃子,桜庭薫,月村手毬,境界を超える絆,,
2660,周防桃子,桜庭薫,藤田ことね,百花繚乱,,
2661,周防桃子,桜庭薫,紫雲清夏,Summer Constellations,,
2662,周防桃子,柏木翼,櫻木真乃,百花繚乱,,
2663,周防桃子,柏木翼,風野灯織,境界を超える絆,,
2664,周防桃子,柏木翼,八宮めぐる,境界を超える絆,,
2665,周防桃子,柏木翼,小宮果穂,境界を超える絆,,
2666,周防桃子,柏木翼,花海咲季,百花繚乱,,
2667,周防桃子,柏木翼,月村手毬,境界を超える絆,,
2668,周防桃子,柏木翼,藤田ことね,百花繚乱,,
2669,周防桃子,柏木翼,紫雲清夏,境界を超える絆,,
2670,周防桃子,硲道夫,櫻木真乃,境界を超える絆,,
2671,周防桃子,硲道夫,風野灯織,境界を超える絆,,
2672,周防桃子,硲道夫,八宮めぐる,境界を超える絆,,
2673,周防桃子,硲道夫,小宮果穂,境界を超える絆,,
2674,周防桃子,硲道夫,花海咲季,境界を超える絆,,
2675,周防桃子,硲道夫,月村手毬,境界を超える絆,,
2676,周防桃子,硲道夫,藤田ことね,境界を超える絆,,
2677,周防桃子,硲道夫,紫雲清夏,境界を超える絆,,
2678,周防桃子,櫻木真乃,風野灯織,境界を超える絆,,
2679,周防桃子,櫻木真乃,八宮めぐる,境界を超える絆,,
2680,周防桃子,櫻木真乃,小宮果穂,境界を超える絆,,
2681,周防桃子,風野灯織,八宮めぐる,境界を超える絆,,
2682,周防桃子,風野灯織,小宮果穂,境界を超える絆,,
2683,周防桃子,八宮めぐる,小宮果穂,境界を超える絆,,
2684,周防桃子,櫻木真乃,花海咲季,百花繚乱,,
2685,周防桃子,櫻木真乃,月村手毬,境界を超える絆,,
2686,周防桃子,櫻木真乃,藤田ことね,百花繚乱,,
2687,周防桃子,櫻木真乃,紫雲清夏,境界を超える絆,,
2688,周防桃子,風野灯織,花海咲季,境界を超える絆,,
2689,周防桃子,風野灯織,月村手毬,境界を超える絆,,
2690,周防桃子,風野灯織,藤田ことね,境界を超える絆,,
2691,周防桃子,風野灯織,紫雲清夏,境界を超える絆,,
2692,周防桃子,八宮めぐる,花海咲季,境界を超える絆,,
2693,周防桃子,八宮めぐる,月村手毬,境界を超える絆,,
2694,周防桃子,八宮めぐる,藤田ことね,境界を超える絆,,
2695,周防桃子,八宮めぐる,紫雲清夏,境界を超える絆,,
2696,周防桃子,小宮果穂,花海咲季,境界を超える絆,,
2697,周防桃子,小宮果穂,月村手毬,境界を超える絆,,
2698,周防桃子,小宮果穂,藤田ことね,境界を超える絆,,
2699,周防桃子,小宮果穂,紫雲清夏,境界を超える絆,,
2700,周防桃子,花海咲季,月村手毬,境界を超える絆,,
2701,周防桃子,花海咲季,藤田ことね,百花繚乱,,
2702,周防桃子,花海咲季,紫雲清夏,境界を超える絆,,
2703,周防桃子,月村手毬,藤田ことね,境界を超える絆,,
2704,周防桃子,月村手毬,紫雲清夏,境界を超える絆,,
2705,周防桃子,藤田ことね,紫雲清夏,境界を超える絆,,
2706,天道輝,桜庭薫,柏木翼,理由あってアイドル,,
2707,天道輝,桜庭薫,硲道夫,理由あってアイドル,大人の魅力,
2708,天道輝,柏木翼,硲道夫,理由あってアイドル,,
2709,桜庭薫,柏木翼,硲道夫,理由あってアイドル,,
2710,天道輝,桜庭薫,櫻木真乃,境界を超える絆,,
2711,天道輝,桜庭薫,風野灯織,境界を超える絆,,
2712,天道輝,桜庭薫,八宮めぐる,境界を超える絆,,
2713,天道輝,桜庭薫,小宮果穂,境界を超える絆,,
2714,天道輝,桜庭薫,花海咲季,境界を超える絆,,
2715,天道輝,桜庭薫,月村手毬,境界を超える絆,,
2716,天道輝,桜庭薫,藤田ことね,境界を超える絆,,
2717,天道輝,桜庭薫,紫雲清夏,境界を超える絆,,
2718,天道輝,柏木翼,櫻木真乃,境界を超える絆,,
2719,天道輝,柏木翼,風野灯織,境界を超える絆,,
2720,天道輝,柏木翼,八宮めぐる,境界を超える絆,,
2721,天道輝,柏木翼,小宮果穂,境界を超える絆,,
2722,天道輝,柏木翼,花海咲季,境界を超える絆,,
2723,天道輝,柏木翼,月村手毬,美味しいものは正義！,,
2724,天道輝,柏木翼,藤田ことね,境界を超える絆,,
2725,天道輝,柏木翼,紫雲清夏,境界を超える絆,,
2726,天道輝,硲道夫,櫻木真乃,境界を超える絆,,
2727,天道輝,硲道夫,風野灯織,Autumn Constellations,,
2728,天道輝,硲道夫,八宮めぐる,境界を超える絆,,
2729,天道輝,硲道夫,小宮果穂,境界を超える絆,,
2730,天道輝,硲道夫,花海咲季,Autumn Constellations,,
2731,天道輝,硲道夫,月村手毬,境界を超える絆,,
2732,天道輝,硲道夫,藤田ことね,境界を超える絆,,
2733,天道輝,硲道夫,紫雲清夏,境界を超える絆,,
2734,桜庭薫,柏木翼,櫻木真乃,百花繚乱,,
2735,桜庭薫,柏木翼,風野灯織,境界を超える絆,,
2736,桜庭薫,柏木翼,八宮めぐる,境界を超える絆,,
2737,桜庭薫,柏木翼,小宮果穂,境界を超える絆,,
2738,桜庭薫,柏木翼,花海咲季,百花繚乱,,
2739,桜庭薫,柏木翼,月村手毬,境界を超える絆,,
2740,桜庭薫,柏木翼,藤田ことね,百花繚乱,,
2741,桜庭薫,柏木翼,紫雲清夏,境界を超える絆,,
2742,桜庭薫,硲道夫,櫻木真乃,境界を超える絆,,
2743,桜庭薫,硲道夫,風野灯織,境界を超える絆,,
2744,桜庭薫,硲道夫,八宮めぐる,境界を超える絆,,
2745,桜庭薫,硲道夫,小宮果穂,境界を超える絆,,
2746,桜庭薫,硲道夫,花海咲季,境界を超える絆,,
2747,桜庭薫,硲道夫,月村手毬,境界を超える絆,,
2748,桜庭薫,硲道夫,藤田ことね,境界を超える絆,,
2749,桜庭薫,硲道夫,紫雲清夏,境界を超える絆,,
2750,柏木翼,硲道夫,櫻木真乃,境界を超える絆,,
2751,柏木翼,硲道夫,風野灯織,境界を超える絆,,
2752,柏木翼,硲道夫,八宮めぐる,境界を超える絆,,
2753,柏木翼,硲道夫,小宮果穂,境界を超える絆,,
2754,柏木翼,硲道夫,花海咲季,左の手に宿る才,,
2755,柏木翼,硲道夫,月村手毬,境界を超える絆,,
2756,柏木翼,硲道夫,藤田ことね,境界を超える絆,,
2757,柏木翼,硲道夫,紫雲清夏,左の手に宿る才,,
2758,天道輝,櫻木真乃,風野灯織,境界を超える絆,,
2759,天道輝,櫻木真乃,八宮めぐる,境界を超える絆,,
2760,天道輝,櫻木真乃,小宮果穂,境界を超える絆,,
2761,天道輝,風野灯織,八宮めぐる,境界を超える絆,,
2762,天道輝,風野灯織,小宮果穂,境界を超える絆,,
2763,天道輝,八宮めぐる,小宮果穂,境界を超える絆,,
2764,天道輝,櫻木真乃,花海咲季,Brilliant World,,
2765,天道輝,櫻木真乃,月村手毬,境界を超える絆,,
2766,天道輝,櫻木真乃,藤田ことね,境界を超える絆,,
2767,天道輝,櫻木真乃,紫雲清夏,境界を超える絆,,
2768,天道輝,風野灯織,花海咲季,Autumn Constellations,,
2769,天道輝,風野灯織,月村手毬,境界を超える絆,,
2770,天道輝,風野灯織,藤田ことね,境界を超える絆,,
2771,天道輝,風野灯織,紫雲清夏,境界を超える絆,,
2772,天道輝,八宮めぐる,花海咲季,境界を超える絆,,
2773,天道輝,八宮めぐる,月村手毬,境界を超える絆,,
2774,天道輝,八宮めぐる,藤田ことね,境界を超える絆,,
2775,天道輝,八宮めぐる,紫雲清夏,境界を超える絆,,
2776,天道輝,小宮果穂,花海咲季,境界を超える絆,,
2777,天道輝,小宮果穂,月村手毬,境界を超える絆,,
2778,天道輝,小宮果穂,藤田ことね,境界を超える絆,,
2779,天道輝,小宮果穂,紫雲清夏,境界を超える絆,,
2780,天道輝,花海咲季,月村手毬,境界を超える絆,,
2781,天道輝,花海咲季,藤田ことね,境界を超える絆,,
2782,天道輝,花海咲季,紫雲清夏,境界を超える絆,,
2783,天道輝,月村手毬,藤田ことね,境界を超える絆,,
2784,天道輝,月村手毬,紫雲清夏,境界を超える絆,,
2785,天道輝,藤田ことね,紫雲清夏,境界を超える絆,,
2786,桜庭薫,櫻木真乃,風野灯織,BLOOD TYPE A,,
2787,桜庭薫,櫻木真乃,八宮めぐる,境界を超える絆,,
2788,桜庭薫,櫻木真乃,小宮果穂,BLOOD TYPE A,,
2789,桜庭薫,風野灯織,八宮めぐる,境界を超える絆,,
2790,桜庭薫,風野灯織,小宮果穂,BLOOD TYPE A,,
2791,桜庭薫,八宮めぐる,小宮果穂,境界を超える絆,,
2792,桜庭薫,櫻木真乃,花海咲季,BLOOD TYPE A,百花繚乱,
2793,桜庭薫,櫻木真乃,月村手毬,境界を超える絆,,
2794,桜庭薫,櫻木真乃,藤田ことね,百花繚乱,,
2795,桜庭薫,櫻木真乃,紫雲清夏,境界を超える絆,,
2796,桜庭薫,風野灯織,花海咲季,BLOOD TYPE A,,
2797,桜庭薫,風野灯織,月村手毬,Fantasy Scenery,,
2798,桜庭薫,風野灯織,藤田ことね,境界を超える絆,,
2799,桜庭薫,風野灯織,紫雲清夏,境界を超える絆,,
2800,桜庭薫,八宮めぐる,花海咲季,境界を超える絆,,
2801,桜庭薫,八宮めぐる,月村手毬,境界を超える絆,,
2802,桜庭薫,八宮めぐる,藤田ことね,境界を超える絆,,
2803,桜庭薫,八宮めぐる,紫雲清夏,境界を超える絆,,
2804,桜庭薫,小宮果穂,花海咲季,BLOOD TYPE A,,
2805,桜庭薫,小宮果穂,月村手毬,境界を超える絆,,
2806,桜庭薫,小宮果穂,藤田ことね,境界を超える絆,,
2807,桜庭薫,小宮果穂,紫雲清夏,境界を超える絆,,
2808,桜庭薫,花海咲季,月村手毬,境界を超える絆,,
2809,桜庭薫,花海咲季,藤田ことね,百花繚乱,,
2810,桜庭薫,花海咲季,紫雲清夏,境界を超える絆,,
2811,桜庭薫,月村手毬,藤田ことね,境界を超える絆,,
2812,桜庭薫,月村手毬,紫雲清夏,境界を超える絆,,
2813,桜庭薫,藤田ことね,紫雲清夏,境界を超える絆,,
2814,柏木翼,櫻木真乃,風野灯織,Strollers,,
2815,柏木翼,櫻木真乃,八宮めぐる,境界を超える絆,,
2816,柏木翼,櫻木真乃,小宮果穂,境界を超える絆,,
2817,柏木翼,風野灯織,八宮めぐる,境界を超える絆,,
2818,柏木翼,風野灯織,小宮果穂,境界を超える絆,,
2819,柏木翼,八宮めぐる,小宮果穂,境界を超える絆,,
2820,柏木翼,櫻木真乃,花海咲季,百花繚乱,,
2821,柏木翼,櫻木真乃,月村手毬,Winter Constellations,,
2822,柏木翼,櫻木真乃,藤田ことね,Winter Constellations,百花繚乱,
2823,柏木翼,櫻木真乃,紫雲清夏,境界を超える絆,,
2824,柏木翼,風野灯織,花海咲季,境界を超える絆,,
2825,柏木翼,風野灯織,月村手毬,境界を超える絆,,
2826,柏木翼,風野灯織,藤田ことね,境界を超える絆,,
2827,柏木翼,風野灯織,紫雲清夏,境界を超える絆,,
2828,柏木翼,八宮めぐる,花海咲季,境界を超える絆,,
2829,柏木翼,八宮めぐる,月村手毬,境界を超える絆,,
2830,柏木翼,八宮めぐる,藤田ことね,Dazzling Garden,BLOOD TYPE O,
2831,柏木翼,八宮めぐる,紫雲清夏,BLOOD TYPE O,,
2832,柏木翼,小宮果穂,花海咲季,境界を超える絆,,
2833,柏木翼,小宮果穂,月村手毬,境界を超える絆,,
2834,柏木翼,小宮果穂,藤田ことね,境界を超える絆,,
2835,柏木翼,小宮果穂,紫雲清夏,境界を超える絆,,
2836,柏木翼,花海咲季,月村手毬,境界を超える絆,,
2837,柏木翼,花海咲季,藤田ことね,百花繚乱,,
2838,柏木翼,花海咲季,紫雲清夏,左の手に宿る才,,
2839,柏木翼,月村手毬,藤田ことね,Winter Constellations,,
2840,柏木翼,月村手毬,紫雲清夏,境界を超える絆,,
2841,柏木翼,藤田ことね,紫雲清夏,BLOOD TYPE O,,
2842,硲道夫,櫻木真乃,風野灯織,境界を超える絆,,
2843,硲道夫,櫻木真乃,八宮めぐる,境界を超える絆,,
2844,硲道夫,櫻木真乃,小宮果穂,境界を超える絆,,
2845,硲道夫,風野灯織,八宮めぐる,境界を超える絆,,
2846,硲道夫,風野灯織,小宮果穂,境界を超える絆,,
2847,硲道夫,八宮めぐる,小宮果穂,境界を超える絆,,
2848,硲道夫,櫻木真乃,花海咲季,境界を超える絆,,
2849,硲道夫,櫻木真乃,月村手毬,境界を超える絆,,
2850,硲道夫,櫻木真乃,藤田ことね,境界を超える絆,,
2851,硲道夫,櫻木真乃,紫雲清夏,境界を超える絆,,
2852,硲道夫,風野灯織,花海咲季,Autumn Constellations,,
2853,硲道夫,風野灯織,月村手毬,境界を超える絆,,
2854,硲道夫,風野灯織,藤田ことね,境界を超える絆,,
2855,硲道夫,風野灯織,紫雲清夏,境界を超える絆,,
2856,硲道夫,八宮めぐる,花海咲季,境界を超える絆,,
2857,硲道夫,八宮めぐる,月村手毬,境界を超える絆,,
2858,硲道夫,八宮めぐる,藤田ことね,境界を超える絆,,
2859,硲道夫,八宮めぐる,紫雲清夏,境界を超える絆,,
2860,硲道夫,小宮果穂,花海咲季,境界を超える絆,,
2861,硲道夫,小宮果穂,月村手毬,境界を超える絆,,
2862,硲道夫,小宮果穂,藤田ことね,境界を超える絆,,
2863,硲道夫,小宮果穂,紫雲清夏,境界を超える絆,,
2864,硲道夫,花海咲季,月村手毬,境界を超える絆,,
2865,硲道夫,花海咲季,藤田ことね,境界を超える絆,,
2866,硲道夫,花海咲季,紫雲清夏,左の手に宿る才,,
2867,硲道夫,月村手毬,藤田ことね,境界を超える絆,,
2868,硲道夫,月村手毬,紫雲清夏,境界を超える絆,,
2869,硲道夫,藤田ことね,紫雲清夏,境界を超える絆,,
2870,櫻木真乃,風野灯織,八宮めぐる,空へはばたく雛鳥,ハイスクールガールズ,
2871,櫻木真乃,風野灯織,小宮果穂,空へはばたく雛鳥,BLOOD TYPE A,
2872,櫻木真乃,八宮めぐる,小宮果穂,空へはばたく雛鳥,,
2873,風野灯織,八宮めぐる,小宮果穂,空へはばたく雛鳥,,
2874,櫻木真乃,風野灯織,花海咲季,ハイスクールガールズ,BLOOD TYPE A,
2875,櫻木真乃,風野灯織,月村手毬,ハイスクールガールズ,,
2876,櫻木真乃,風野灯織,藤田ことね,ハイスクールガールズ,,
2877,櫻木真乃,風野灯織,紫雲清夏,ハイスクールガールズ,,
2878,櫻木真乃,八宮めぐる,花海咲季,ハイスクールガールズ,,
2879,櫻木真乃,八宮めぐる,月村手毬,ハイスクールガールズ,,
2880,櫻木真乃,八宮めぐる,藤田ことね,ハイスクールガールズ,,
2881,櫻木真乃,八宮めぐる,紫雲清夏,ハイスクールガールズ,,
2882,櫻木真乃,小宮果穂,花海咲季,BLOOD TYPE A,,
2883,櫻木真乃,小宮果穂,月村手毬,境界を超える絆,,
2884,櫻木真乃,小宮果穂,藤田ことね,境界を超える絆,,
2885,櫻木真乃,小宮果穂,紫雲清夏,境界を超える絆,,
2886,風野灯織,八宮めぐる,花海咲季,ハイスクールガールズ,,
2887,風野灯織,八宮めぐる,月村手毬,ハイスクールガールズ,,
2888,風野灯織,八宮めぐる,藤田ことね,ハイスクールガールズ,,
2889,風野灯織,八宮めぐる,紫雲清夏,ハイスクールガールズ,,
2890,風野灯織,小宮果穂,花海咲季,BLOOD TYPE A,,
2891,風野灯織,小宮果穂,月村手毬,境界を超える絆,,
2892,風野灯織,小宮果穂,藤田ことね,境界を超える絆,,
2893,風野灯織,小宮果穂,紫雲清夏,境界を超える絆,,
2894,八宮めぐる,小宮果穂,花海咲季,境界を超える絆,,
2895,八宮めぐる,小宮果穂,月村手毬,境界を超える絆,,
2896,八宮めぐる,小宮果穂,藤田ことね,境界を超える絆,,
2897,八宮めぐる,小宮果穂,紫雲清夏,境界を超える絆,,
2898,櫻木真乃,花海咲季,月村手毬,ハイスクールガールズ,,
2899,櫻木真乃,花海咲季,藤田ことね,ハイスクールガールズ,Birth of April,百花繚乱
2900,櫻木真乃,花海咲季,紫雲清夏,ハイスクールガールズ,,
2901,櫻木真乃,月村手毬,藤田ことね,ハイスクールガールズ,Winter Constellations,
2902,櫻木真乃,月村手毬,紫雲清夏,ハイスクールガールズ,,
2903,櫻木真乃,藤田ことね,紫雲清夏,ハイスクールガールズ,,
2904,風野灯織,花海咲季,月村手毬,ハイスクールガールズ,,
2905,風野灯織,花海咲季,藤田ことね,ハイスクールガールズ,,
2906,風野灯織,花海咲季,紫雲清夏,ハイスクールガールズ,,
2907,風野灯織,月村手毬,藤田ことね,ハイスクールガールズ,,
2908,風野灯織,月村手毬,紫雲清夏,ハイスクールガールズ,,
2909,風野灯織,藤田ことね,紫雲清夏,ハイスクールガールズ,,
2910,八宮めぐる,花海咲季,月村手毬,ハイスクールガールズ,,
2911,八宮めぐる,花海咲季,藤田ことね,ハイスクールガールズ,,
2912,八宮めぐる,花海咲季,紫雲清夏,ハイスクールガールズ,,
2913,八宮めぐる,月村手毬,藤田ことね,ハイスクールガールズ,,
2914,八宮めぐる,月村手毬,紫雲清夏,ハイスクールガールズ,,
2915,八宮めぐる,藤田ことね,紫雲清夏,ハイスクールガールズ,BLOOD TYPE O,
2916,小宮果穂,花海咲季,月村手毬,境界を超える絆,,
2917,小宮果穂,花海咲季,藤田ことね,境界を超える絆,,
2918,小宮果穂,花海咲季,紫雲清夏,境界を超える絆,,
2919,小宮果穂,月村手毬,藤田ことね,境界を超える絆,,
2920,小宮果穂,月村手毬,紫雲清夏,境界を超える絆,,
2921,小宮果穂,藤田ことね,紫雲清夏,境界を超える絆,,
2922,花海咲季,月村手毬,藤田ことね,ハイスクールガールズ,光を目指す星たち,
2923,花海咲季,月村手毬,紫雲清夏,ハイスクールガールズ,光を目指す星たち,
2924,花海咲季,藤田ことね,紫雲清夏,ハイスクールガールズ,光を目指す星たち,
2925,月村手毬,藤田ことね,紫雲清夏,ハイスクールガールズ,光を目指す星たち,
